,Team_H,xg_pg_H,xga_pg_H,btts_perc_H,fts_perc_H,cs_perc_H,over_perc_H,under_perc_H,corners_for_pg_H,corners_against_pg_H,cards_against_per_game_H,Team_A,xg_pg_A,xga_pg_A,btts_perc_A,fts_perc_A,cs_perc_A,over_perc_A,under_perc_A,corners_for_pg_A,corners_against_pg_A,cards_against_per_game_A,home_goals,away_goals,result
0,Volos New Football Club,0.89 ,1.49 ,0.61 ,0.35 ,0.09 ,0.61 ,0.39 ,3.30 ,5.65 ,6.26 ,Pas Lamia 1964,1.18,1.64 ,0.61 ,0.22 ,0.17 ,0.67 ,0.33 ,3.54 ,5.42 ,5.46 ,2,2,3
1,PAS Giannina FC,1.04 ,1.56 ,0.52 ,0.43 ,0.17 ,0.50 ,0.48 ,4.43 ,5.09 ,5.61 ,Kifisias FC,0.9,1.51 ,0.57 ,0.43 ,0.09 ,0.65 ,0.35 ,4.70 ,5.39 ,6.22 ,3,0,1
2,PAOK Thessaloniki FC,1.73 ,1.16 ,0.48 ,0.13 ,0.43 ,0.74 ,0.26 ,5.13 ,3.52 ,4.61 ,Asteras Tripolis FC,1.19,1.55 ,0.52 ,0.26 ,0.26 ,0.65 ,0.35 ,4.13 ,4.26 ,4.91 ,3,0,1
3,Olympiakos CFP,1.76 ,0.88 ,0.43 ,0.17 ,0.43 ,0.65 ,0.35 ,5.26 ,2.57 ,4.87 ,Panserraikos FC,1.03,1.53 ,0.48 ,0.39 ,0.17 ,0.42 ,0.58 ,3.04 ,4.67 ,6.38 ,2,0,1
4,AEK Athens FC,2.04 ,0.98 ,0.52 ,0.04 ,0.42 ,0.67 ,0.33 ,6.92 ,3.42 ,5.50 ,Panaitolikos GFS Agrinio,1.31,1.49 ,0.48 ,0.39 ,0.22 ,0.57 ,0.43 ,3.78 ,5.04 ,5.04 ,3,0,1
5,Panathinaikos FC,1.77 ,0.99 ,0.39 ,0.04 ,0.57 ,0.74 ,0.26 ,5.52 ,2.65 ,5.00 ,Pae Aps Atromitos Athens,1.03,1.56 ,0.57 ,0.39 ,0.17 ,0.50 ,0.50 ,3.50 ,5.13 ,5.79 ,5,0,1
6,Panaitolikos GFS Agrinio,1.31 ,1.49 ,0.48 ,0.39 ,0.22 ,0.57 ,0.43 ,3.78 ,5.04 ,5.04 ,PAS Giannina FC,1.04,1.56 ,0.52 ,0.43 ,0.17 ,0.50 ,0.48 ,4.43 ,5.09 ,5.61 ,0,0,3
7,Asteras Tripolis FC,1.19 ,1.55 ,0.52 ,0.26 ,0.26 ,0.65 ,0.35 ,4.13 ,4.26 ,4.91 ,OFI FC,1.32,1.41 ,0.43 ,0.39 ,0.22 ,0.43 ,0.57 ,4.17 ,4.35 ,5.61 ,3,0,1
8,Panathinaikos FC,1.77 ,0.99 ,0.39 ,0.04 ,0.57 ,0.74 ,0.26 ,5.52 ,2.65 ,5.00 ,Volos New Football Club,0.89,1.49 ,0.61 ,0.35 ,0.09 ,0.61 ,0.39 ,3.30 ,5.65 ,6.26 ,3,0,1
9,AEK Athens FC,2.04 ,0.98 ,0.52 ,0.04 ,0.42 ,0.67 ,0.33 ,6.92 ,3.42 ,5.50 ,Panserraikos FC,1.03,1.53 ,0.48 ,0.39 ,0.17 ,0.42 ,0.58 ,3.04 ,4.67 ,6.38 ,1,1,3
10,Pas Lamia 1964,1.18 ,1.64 ,0.61 ,0.22 ,0.17 ,0.67 ,0.33 ,3.54 ,5.42 ,5.46 ,Aris Thessaloniki FC,1.39,1.22 ,0.43 ,0.17 ,0.48 ,0.43 ,0.57 ,4.04 ,4.26 ,5.65 ,1,0,1
11,PAOK Thessaloniki FC,1.73 ,1.16 ,0.48 ,0.13 ,0.43 ,0.74 ,0.26 ,5.13 ,3.52 ,4.61 ,Kifisias FC,0.9,1.51 ,0.57 ,0.43 ,0.09 ,0.65 ,0.35 ,4.70 ,5.39 ,6.22 ,2,1,1
12,Olympiakos CFP,1.76 ,0.88 ,0.43 ,0.17 ,0.43 ,0.65 ,0.35 ,5.26 ,2.57 ,4.87 ,Pae Aps Atromitos Athens,1.03,1.56 ,0.57 ,0.39 ,0.17 ,0.50 ,0.50 ,3.50 ,5.13 ,5.79 ,4,0,1
13,Kifisias FC,0.90 ,1.51 ,0.57 ,0.43 ,0.09 ,0.65 ,0.35 ,4.70 ,5.39 ,6.22 ,Pae Aps Atromitos Athens,1.03,1.56 ,0.57 ,0.39 ,0.17 ,0.50 ,0.50 ,3.50 ,5.13 ,5.79 ,2,1,1
14,Panserraikos FC,1.03 ,1.53 ,0.48 ,0.39 ,0.17 ,0.42 ,0.58 ,3.04 ,4.67 ,6.38 ,Panaitolikos GFS Agrinio,1.31,1.49 ,0.48 ,0.39 ,0.22 ,0.57 ,0.43 ,3.78 ,5.04 ,5.04 ,1,1,3
15,Aris Thessaloniki FC,1.39 ,1.22 ,0.43 ,0.17 ,0.48 ,0.43 ,0.57 ,4.04 ,4.26 ,5.65 ,Asteras Tripolis FC,1.19,1.55 ,0.52 ,0.26 ,0.26 ,0.65 ,0.35 ,4.13 ,4.26 ,4.91 ,3,2,1
16,Olympiakos CFP,1.76 ,0.88 ,0.43 ,0.17 ,0.43 ,0.65 ,0.35 ,5.26 ,2.57 ,4.87 ,Pas Lamia 1964,1.18,1.64 ,0.61 ,0.22 ,0.17 ,0.67 ,0.33 ,3.54 ,5.42 ,5.46 ,4,0,1
17,OFI FC,1.32 ,1.41 ,0.43 ,0.39 ,0.22 ,0.43 ,0.57 ,4.17 ,4.35 ,5.61 ,PAOK Thessaloniki FC,1.73,1.16 ,0.48 ,0.13 ,0.43 ,0.74 ,0.26 ,5.13 ,3.52 ,4.61 ,1,0,1
18,Volos New Football Club,0.89 ,1.49 ,0.61 ,0.35 ,0.09 ,0.61 ,0.39 ,3.30 ,5.65 ,6.26 ,AEK Athens FC,2.04,0.98 ,0.52 ,0.04 ,0.42 ,0.67 ,0.33 ,6.92 ,3.42 ,5.50 ,2,3,2
19,PAS Giannina FC,1.04 ,1.56 ,0.52 ,0.43 ,0.17 ,0.50 ,0.48 ,4.43 ,5.09 ,5.61 ,Panathinaikos FC,1.77,0.99 ,0.39 ,0.04 ,0.57 ,0.74 ,0.26 ,5.52 ,2.65 ,5.00 ,0,1,2
20,Pas Lamia 1964,1.18 ,1.64 ,0.61 ,0.22 ,0.17 ,0.67 ,0.33 ,3.54 ,5.42 ,5.46 ,OFI FC,1.32,1.41 ,0.43 ,0.39 ,0.22 ,0.43 ,0.57 ,4.17 ,4.35 ,5.61 ,2,2,3
21,Panaitolikos GFS Agrinio,1.31 ,1.49 ,0.48 ,0.39 ,0.22 ,0.57 ,0.43 ,3.78 ,5.04 ,5.04 ,Panathinaikos FC,1.77,0.99 ,0.39 ,0.04 ,0.57 ,0.74 ,0.26 ,5.52 ,2.65 ,5.00 ,0,5,2
22,Asteras Tripolis FC,1.19 ,1.55 ,0.52 ,0.26 ,0.26 ,0.65 ,0.35 ,4.13 ,4.26 ,4.91 ,PAS Giannina FC,1.04,1.56 ,0.52 ,0.43 ,0.17 ,0.50 ,0.48 ,4.43 ,5.09 ,5.61 ,2,2,3
23,Kifisias FC,0.90 ,1.51 ,0.57 ,0.43 ,0.09 ,0.65 ,0.35 ,4.70 ,5.39 ,6.22 ,Panserraikos FC,1.03,1.53 ,0.48 ,0.39 ,0.17 ,0.42 ,0.58 ,3.04 ,4.67 ,6.38 ,4,4,3
24,PAOK Thessaloniki FC,1.73 ,1.16 ,0.48 ,0.13 ,0.43 ,0.74 ,0.26 ,5.13 ,3.52 ,4.61 ,Aris Thessaloniki FC,1.39,1.22 ,0.43 ,0.17 ,0.48 ,0.43 ,0.57 ,4.04 ,4.26 ,5.65 ,0,0,3
25,AEK Athens FC,2.04 ,0.98 ,0.52 ,0.04 ,0.42 ,0.67 ,0.33 ,6.92 ,3.42 ,5.50 ,Olympiakos CFP,1.76,0.88 ,0.43 ,0.17 ,0.43 ,0.65 ,0.35 ,5.26 ,2.57 ,4.87 ,1,1,3
26,Pae Aps Atromitos Athens,1.03 ,1.56 ,0.57 ,0.39 ,0.17 ,0.50 ,0.50 ,3.50 ,5.13 ,5.79 ,Volos New Football Club,0.89,1.49 ,0.61 ,0.35 ,0.09 ,0.61 ,0.39 ,3.30 ,5.65 ,6.26 ,1,1,3
27,OFI FC,1.32 ,1.41 ,0.43 ,0.39 ,0.22 ,0.43 ,0.57 ,4.17 ,4.35 ,5.61 ,Pae Aps Atromitos Athens,1.03,1.56 ,0.57 ,0.39 ,0.17 ,0.50 ,0.50 ,3.50 ,5.13 ,5.79 ,1,1,3
28,Panserraikos FC,1.03 ,1.53 ,0.48 ,0.39 ,0.17 ,0.42 ,0.58 ,3.04 ,4.67 ,6.38 ,Pas Lamia 1964,1.18,1.64 ,0.61 ,0.22 ,0.17 ,0.67 ,0.33 ,3.54 ,5.42 ,5.46 ,2,0,1
29,Olympiakos CFP,1.76 ,0.88 ,0.43 ,0.17 ,0.43 ,0.65 ,0.35 ,5.26 ,2.57 ,4.87 ,Kifisias FC,0.9,1.51 ,0.57 ,0.43 ,0.09 ,0.65 ,0.35 ,4.70 ,5.39 ,6.22 ,4,0,1
30,Aris Thessaloniki FC,1.39 ,1.22 ,0.43 ,0.17 ,0.48 ,0.43 ,0.57 ,4.04 ,4.26 ,5.65 ,Panaitolikos GFS Agrinio,1.31,1.49 ,0.48 ,0.39 ,0.22 ,0.57 ,0.43 ,3.78 ,5.04 ,5.04 ,3,0,1
31,Volos New Football Club,0.89 ,1.49 ,0.61 ,0.35 ,0.09 ,0.61 ,0.39 ,3.30 ,5.65 ,6.26 ,Asteras Tripolis FC,1.19,1.55 ,0.52 ,0.26 ,0.26 ,0.65 ,0.35 ,4.13 ,4.26 ,4.91 ,1,2,2
32,PAS Giannina FC,1.04 ,1.56 ,0.52 ,0.43 ,0.17 ,0.50 ,0.48 ,4.43 ,5.09 ,5.61 ,PAOK Thessaloniki FC,1.73,1.16 ,0.48 ,0.13 ,0.43 ,0.74 ,0.26 ,5.13 ,3.52 ,4.61 ,1,3,2
33,Panathinaikos FC,1.77 ,0.99 ,0.39 ,0.04 ,0.57 ,0.74 ,0.26 ,5.52 ,2.65 ,5.00 ,AEK Athens FC,2.04,0.98 ,0.52 ,0.04 ,0.42 ,0.67 ,0.33 ,6.92 ,3.42 ,5.50 ,1,2,2
34,Panaitolikos GFS Agrinio,1.31 ,1.49 ,0.48 ,0.39 ,0.22 ,0.57 ,0.43 ,3.78 ,5.04 ,5.04 ,OFI FC,1.32,1.41 ,0.43 ,0.39 ,0.22 ,0.43 ,0.57 ,4.17 ,4.35 ,5.61 ,1,1,3
35,Kifisias FC,0.90 ,1.51 ,0.57 ,0.43 ,0.09 ,0.65 ,0.35 ,4.70 ,5.39 ,6.22 ,Pas Lamia 1964,1.18,1.64 ,0.61 ,0.22 ,0.17 ,0.67 ,0.33 ,3.54 ,5.42 ,5.46 ,1,1,3
36,Olympiakos CFP,1.76 ,0.88 ,0.43 ,0.17 ,0.43 ,0.65 ,0.35 ,5.26 ,2.57 ,4.87 ,Aris Thessaloniki FC,1.39,1.22 ,0.43 ,0.17 ,0.48 ,0.43 ,0.57 ,4.04 ,4.26 ,5.65 ,4,1,1
37,PAOK Thessaloniki FC,1.73 ,1.16 ,0.48 ,0.13 ,0.43 ,0.74 ,0.26 ,5.13 ,3.52 ,4.61 ,Volos New Football Club,0.89,1.49 ,0.61 ,0.35 ,0.09 ,0.61 ,0.39 ,3.30 ,5.65 ,6.26 ,3,0,1
38,Panserraikos FC,1.03 ,1.53 ,0.48 ,0.39 ,0.17 ,0.42 ,0.58 ,3.04 ,4.67 ,6.38 ,PAS Giannina FC,1.04,1.56 ,0.52 ,0.43 ,0.17 ,0.50 ,0.48 ,4.43 ,5.09 ,5.61 ,3,2,1
39,Aris Thessaloniki FC,1.39 ,1.22 ,0.43 ,0.17 ,0.48 ,0.43 ,0.57 ,4.04 ,4.26 ,5.65 ,Panathinaikos FC,1.77,0.99 ,0.39 ,0.04 ,0.57 ,0.74 ,0.26 ,5.52 ,2.65 ,5.00 ,1,4,2
40,AEK Athens FC,2.04 ,0.98 ,0.52 ,0.04 ,0.42 ,0.67 ,0.33 ,6.92 ,3.42 ,5.50 ,Pae Aps Atromitos Athens,1.03,1.56 ,0.57 ,0.39 ,0.17 ,0.50 ,0.50 ,3.50 ,5.13 ,5.79 ,2,1,1
41,Pas Lamia 1964,1.18 ,1.64 ,0.61 ,0.22 ,0.17 ,0.67 ,0.33 ,3.54 ,5.42 ,5.46 ,Panaitolikos GFS Agrinio,1.31,1.49 ,0.48 ,0.39 ,0.22 ,0.57 ,0.43 ,3.78 ,5.04 ,5.04 ,1,0,1
42,Aris Thessaloniki FC,1.39 ,1.22 ,0.43 ,0.17 ,0.48 ,0.43 ,0.57 ,4.04 ,4.26 ,5.65 ,Kifisias FC,0.9,1.51 ,0.57 ,0.43 ,0.09 ,0.65 ,0.35 ,4.70 ,5.39 ,6.22 ,1,1,3
43,Panathinaikos FC,1.77 ,0.99 ,0.39 ,0.04 ,0.57 ,0.74 ,0.26 ,5.52 ,2.65 ,5.00 ,PAOK Thessaloniki FC,1.73,1.16 ,0.48 ,0.13 ,0.43 ,0.74 ,0.26 ,5.13 ,3.52 ,4.61 ,2,2,3
44,PAS Giannina FC,1.04 ,1.56 ,0.52 ,0.43 ,0.17 ,0.50 ,0.48 ,4.43 ,5.09 ,5.61 ,Olympiakos CFP,1.76,0.88 ,0.43 ,0.17 ,0.43 ,0.65 ,0.35 ,5.26 ,2.57 ,4.87 ,0,3,2
45,OFI FC,1.32 ,1.41 ,0.43 ,0.39 ,0.22 ,0.43 ,0.57 ,4.17 ,4.35 ,5.61 ,AEK Athens FC,2.04,0.98 ,0.52 ,0.04 ,0.42 ,0.67 ,0.33 ,6.92 ,3.42 ,5.50 ,2,0,1
46,Volos New Football Club,0.89 ,1.49 ,0.61 ,0.35 ,0.09 ,0.61 ,0.39 ,3.30 ,5.65 ,6.26 ,Panserraikos FC,1.03,1.53 ,0.48 ,0.39 ,0.17 ,0.42 ,0.58 ,3.04 ,4.67 ,6.38 ,1,0,1
47,Pas Lamia 1964,1.18 ,1.64 ,0.61 ,0.22 ,0.17 ,0.67 ,0.33 ,3.54 ,5.42 ,5.46 ,PAS Giannina FC,1.04,1.56 ,0.52 ,0.43 ,0.17 ,0.50 ,0.48 ,4.43 ,5.09 ,5.61 ,2,1,1
48,Panaitolikos GFS Agrinio,1.31 ,1.49 ,0.48 ,0.39 ,0.22 ,0.57 ,0.43 ,3.78 ,5.04 ,5.04 ,Volos New Football Club,0.89,1.49 ,0.61 ,0.35 ,0.09 ,0.61 ,0.39 ,3.30 ,5.65 ,6.26 ,2,0,1
49,Aris Thessaloniki FC,1.39 ,1.22 ,0.43 ,0.17 ,0.48 ,0.43 ,0.57 ,4.04 ,4.26 ,5.65 ,Panserraikos FC,1.03,1.53 ,0.48 ,0.39 ,0.17 ,0.42 ,0.58 ,3.04 ,4.67 ,6.38 ,1,0,1
50,Asteras Tripolis FC,1.19 ,1.55 ,0.52 ,0.26 ,0.26 ,0.65 ,0.35 ,4.13 ,4.26 ,4.91 ,AEK Athens FC,2.04,0.98 ,0.52 ,0.04 ,0.42 ,0.67 ,0.33 ,6.92 ,3.42 ,5.50 ,0,3,2
51,Kifisias FC,0.90 ,1.51 ,0.57 ,0.43 ,0.09 ,0.65 ,0.35 ,4.70 ,5.39 ,6.22 ,OFI FC,1.32,1.41 ,0.43 ,0.39 ,0.22 ,0.43 ,0.57 ,4.17 ,4.35 ,5.61 ,0,0,3
52,PAOK Thessaloniki FC,1.73 ,1.16 ,0.48 ,0.13 ,0.43 ,0.74 ,0.26 ,5.13 ,3.52 ,4.61 ,Pae Aps Atromitos Athens,1.03,1.56 ,0.57 ,0.39 ,0.17 ,0.50 ,0.50 ,3.50 ,5.13 ,5.79 ,2,0,1
53,Olympiakos CFP,1.76 ,0.88 ,0.43 ,0.17 ,0.43 ,0.65 ,0.35 ,5.26 ,2.57 ,4.87 ,Panathinaikos FC,1.77,0.99 ,0.39 ,0.04 ,0.57 ,0.74 ,0.26 ,5.52 ,2.65 ,5.00 ,0,3,2
54,Volos New Football Club,0.89 ,1.49 ,0.61 ,0.35 ,0.09 ,0.61 ,0.39 ,3.30 ,5.65 ,6.26 ,Kifisias FC,0.9,1.51 ,0.57 ,0.43 ,0.09 ,0.65 ,0.35 ,4.70 ,5.39 ,6.22 ,2,1,1
55,Pae Aps Atromitos Athens,1.03 ,1.56 ,0.57 ,0.39 ,0.17 ,0.50 ,0.50 ,3.50 ,5.13 ,5.79 ,Panaitolikos GFS Agrinio,1.31,1.49 ,0.48 ,0.39 ,0.22 ,0.57 ,0.43 ,3.78 ,5.04 ,5.04 ,3,2,1
56,Asteras Tripolis FC,1.19 ,1.55 ,0.52 ,0.26 ,0.26 ,0.65 ,0.35 ,4.13 ,4.26 ,4.91 ,Pas Lamia 1964,1.18,1.64 ,0.61 ,0.22 ,0.17 ,0.67 ,0.33 ,3.54 ,5.42 ,5.46 ,0,1,2
57,Panathinaikos FC,1.77 ,0.99 ,0.39 ,0.04 ,0.57 ,0.74 ,0.26 ,5.52 ,2.65 ,5.00 ,Panserraikos FC,1.03,1.53 ,0.48 ,0.39 ,0.17 ,0.42 ,0.58 ,3.04 ,4.67 ,6.38 ,5,0,1
58,Aris Thessaloniki FC,1.39 ,1.22 ,0.43 ,0.17 ,0.48 ,0.43 ,0.57 ,4.04 ,4.26 ,5.65 ,PAS Giannina FC,1.04,1.56 ,0.52 ,0.43 ,0.17 ,0.50 ,0.48 ,4.43 ,5.09 ,5.61 ,2,0,1
59,AEK Athens FC,2.04 ,0.98 ,0.52 ,0.04 ,0.42 ,0.67 ,0.33 ,6.92 ,3.42 ,5.50 ,PAOK Thessaloniki FC,1.73,1.16 ,0.48 ,0.13 ,0.43 ,0.74 ,0.26 ,5.13 ,3.52 ,4.61 ,2,0,1
60,OFI FC,1.32 ,1.41 ,0.43 ,0.39 ,0.22 ,0.43 ,0.57 ,4.17 ,4.35 ,5.61 ,Olympiakos CFP,1.76,0.88 ,0.43 ,0.17 ,0.43 ,0.65 ,0.35 ,5.26 ,2.57 ,4.87 ,0,2,2
61,Pas Lamia 1964,1.18 ,1.64 ,0.61 ,0.22 ,0.17 ,0.67 ,0.33 ,3.54 ,5.42 ,5.46 ,Panathinaikos FC,1.77,0.99 ,0.39 ,0.04 ,0.57 ,0.74 ,0.26 ,5.52 ,2.65 ,5.00 ,1,2,2
62,Kifisias FC,0.90 ,1.51 ,0.57 ,0.43 ,0.09 ,0.65 ,0.35 ,4.70 ,5.39 ,6.22 ,AEK Athens FC,2.04,0.98 ,0.52 ,0.04 ,0.42 ,0.67 ,0.33 ,6.92 ,3.42 ,5.50 ,1,1,3
63,Panaitolikos GFS Agrinio,1.31 ,1.49 ,0.48 ,0.39 ,0.22 ,0.57 ,0.43 ,3.78 ,5.04 ,5.04 ,Asteras Tripolis FC,1.19,1.55 ,0.52 ,0.26 ,0.26 ,0.65 ,0.35 ,4.13 ,4.26 ,4.91 ,0,1,2
64,PAS Giannina FC,1.04 ,1.56 ,0.52 ,0.43 ,0.17 ,0.50 ,0.48 ,4.43 ,5.09 ,5.61 ,Volos New Football Club,0.89,1.49 ,0.61 ,0.35 ,0.09 ,0.61 ,0.39 ,3.30 ,5.65 ,6.26 ,1,1,3
65,Olympiakos CFP,1.76 ,0.88 ,0.43 ,0.17 ,0.43 ,0.65 ,0.35 ,5.26 ,2.57 ,4.87 ,PAOK Thessaloniki FC,1.73,1.16 ,0.48 ,0.13 ,0.43 ,0.74 ,0.26 ,5.13 ,3.52 ,4.61 ,2,4,2
66,Aris Thessaloniki FC,1.39 ,1.22 ,0.43 ,0.17 ,0.48 ,0.43 ,0.57 ,4.04 ,4.26 ,5.65 ,Pae Aps Atromitos Athens,1.03,1.56 ,0.57 ,0.39 ,0.17 ,0.50 ,0.50 ,3.50 ,5.13 ,5.79 ,1,3,2
67,Panserraikos FC,1.03 ,1.53 ,0.48 ,0.39 ,0.17 ,0.42 ,0.58 ,3.04 ,4.67 ,6.38 ,OFI FC,1.32,1.41 ,0.43 ,0.39 ,0.22 ,0.43 ,0.57 ,4.17 ,4.35 ,5.61 ,2,1,1
68,OFI FC,1.32 ,1.41 ,0.43 ,0.39 ,0.22 ,0.43 ,0.57 ,4.17 ,4.35 ,5.61 ,PAS Giannina FC,1.04,1.56 ,0.52 ,0.43 ,0.17 ,0.50 ,0.48 ,4.43 ,5.09 ,5.61 ,1,1,3
69,Pae Aps Atromitos Athens,1.03 ,1.56 ,0.57 ,0.39 ,0.17 ,0.50 ,0.50 ,3.50 ,5.13 ,5.79 ,Panserraikos FC,1.03,1.53 ,0.48 ,0.39 ,0.17 ,0.42 ,0.58 ,3.04 ,4.67 ,6.38 ,1,1,3
70,Volos New Football Club,0.89 ,1.49 ,0.61 ,0.35 ,0.09 ,0.61 ,0.39 ,3.30 ,5.65 ,6.26 ,Aris Thessaloniki FC,1.39,1.22 ,0.43 ,0.17 ,0.48 ,0.43 ,0.57 ,4.04 ,4.26 ,5.65 ,0,2,2
71,PAOK Thessaloniki FC,1.73 ,1.16 ,0.48 ,0.13 ,0.43 ,0.74 ,0.26 ,5.13 ,3.52 ,4.61 ,Panaitolikos GFS Agrinio,1.31,1.49 ,0.48 ,0.39 ,0.22 ,0.57 ,0.43 ,3.78 ,5.04 ,5.04 ,2,1,1
72,AEK Athens FC,2.04 ,0.98 ,0.52 ,0.04 ,0.42 ,0.67 ,0.33 ,6.92 ,3.42 ,5.50 ,Pas Lamia 1964,1.18,1.64 ,0.61 ,0.22 ,0.17 ,0.67 ,0.33 ,3.54 ,5.42 ,5.46 ,3,0,1
73,Asteras Tripolis FC,1.19 ,1.55 ,0.52 ,0.26 ,0.26 ,0.65 ,0.35 ,4.13 ,4.26 ,4.91 ,Olympiakos CFP,1.76,0.88 ,0.43 ,0.17 ,0.43 ,0.65 ,0.35 ,5.26 ,2.57 ,4.87 ,0,2,2
74,Kifisias FC,0.90 ,1.51 ,0.57 ,0.43 ,0.09 ,0.65 ,0.35 ,4.70 ,5.39 ,6.22 ,Panathinaikos FC,1.77,0.99 ,0.39 ,0.04 ,0.57 ,0.74 ,0.26 ,5.52 ,2.65 ,5.00 ,0,1,2
75,OFI FC,1.32 ,1.41 ,0.43 ,0.39 ,0.22 ,0.43 ,0.57 ,4.17 ,4.35 ,5.61 ,Volos New Football Club,0.89,1.49 ,0.61 ,0.35 ,0.09 ,0.61 ,0.39 ,3.30 ,5.65 ,6.26 ,1,1,3
76,Olympiakos CFP,1.76 ,0.88 ,0.43 ,0.17 ,0.43 ,0.65 ,0.35 ,5.26 ,2.57 ,4.87 ,Panaitolikos GFS Agrinio,1.31,1.49 ,0.48 ,0.39 ,0.22 ,0.57 ,0.43 ,3.78 ,5.04 ,5.04 ,3,1,1
77,PAOK Thessaloniki FC,1.73 ,1.16 ,0.48 ,0.13 ,0.43 ,0.74 ,0.26 ,5.13 ,3.52 ,4.61 ,Panserraikos FC,1.03,1.53 ,0.48 ,0.39 ,0.17 ,0.42 ,0.58 ,3.04 ,4.67 ,6.38 ,5,0,1
78,Kifisias FC,0.90 ,1.51 ,0.57 ,0.43 ,0.09 ,0.65 ,0.35 ,4.70 ,5.39 ,6.22 ,Asteras Tripolis FC,1.19,1.55 ,0.52 ,0.26 ,0.26 ,0.65 ,0.35 ,4.13 ,4.26 ,4.91 ,1,3,2
79,PAS Giannina FC,1.04 ,1.56 ,0.52 ,0.43 ,0.17 ,0.50 ,0.48 ,4.43 ,5.09 ,5.61 ,PAS Giannina FC,1.04,1.56 ,0.52 ,0.43 ,0.17 ,0.50 ,0.48 ,4.43 ,5.09 ,5.61 ,0,1,2
80,Pas Lamia 1964,1.18 ,1.64 ,0.61 ,0.22 ,0.17 ,0.67 ,0.33 ,3.54 ,5.42 ,5.46 ,Pae Aps Atromitos Athens,1.03,1.56 ,0.57 ,0.39 ,0.17 ,0.50 ,0.50 ,3.50 ,5.13 ,5.79 ,3,3,3
81,Aris Thessaloniki FC,1.39 ,1.22 ,0.43 ,0.17 ,0.48 ,0.43 ,0.57 ,4.04 ,4.26 ,5.65 ,Panathinaikos FC,1.77,0.99 ,0.39 ,0.04 ,0.57 ,0.74 ,0.26 ,5.52 ,2.65 ,5.00 ,2,0,1
82,Panaitolikos GFS Agrinio,1.31 ,1.49 ,0.48 ,0.39 ,0.22 ,0.57 ,0.43 ,3.78 ,5.04 ,5.04 ,Kifisias FC,0.9,1.51 ,0.57 ,0.43 ,0.09 ,0.65 ,0.35 ,4.70 ,5.39 ,6.22 ,3,0,1
83,Asteras Tripolis FC,1.19 ,1.55 ,0.52 ,0.26 ,0.26 ,0.65 ,0.35 ,4.13 ,4.26 ,4.91 ,Panserraikos FC,1.03,1.53 ,0.48 ,0.39 ,0.17 ,0.42 ,0.58 ,3.04 ,4.67 ,6.38 ,1,0,1
84,Volos New Football Club,0.89 ,1.49 ,0.61 ,0.35 ,0.09 ,0.61 ,0.39 ,3.30 ,5.65 ,6.26 ,Olympiakos CFP,1.76,0.88 ,0.43 ,0.17 ,0.43 ,0.65 ,0.35 ,5.26 ,2.57 ,4.87 ,2,2,3
85,Pae Aps Atromitos Athens,1.03 ,1.56 ,0.57 ,0.39 ,0.17 ,0.50 ,0.50 ,3.50 ,5.13 ,5.79 ,PAS Giannina FC,1.04,1.56 ,0.52 ,0.43 ,0.17 ,0.50 ,0.48 ,4.43 ,5.09 ,5.61 ,1,1,3
86,Panathinaikos FC,1.77 ,0.99 ,0.39 ,0.04 ,0.57 ,0.74 ,0.26 ,5.52 ,2.65 ,5.00 ,OFI FC,1.32,1.41 ,0.43 ,0.39 ,0.22 ,0.43 ,0.57 ,4.17 ,4.35 ,5.61 ,4,0,1
87,PAOK Thessaloniki FC,1.73 ,1.16 ,0.48 ,0.13 ,0.43 ,0.74 ,0.26 ,5.13 ,3.52 ,4.61 ,Pas Lamia 1964,1.18,1.64 ,0.61 ,0.22 ,0.17 ,0.67 ,0.33 ,3.54 ,5.42 ,5.46 ,3,0,1
88,AEK Athens FC,2.04 ,0.98 ,0.52 ,0.04 ,0.42 ,0.67 ,0.33 ,6.92 ,3.42 ,5.50 ,Aris Thessaloniki FC,1.39,1.22 ,0.43 ,0.17 ,0.48 ,0.43 ,0.57 ,4.04 ,4.26 ,5.65 ,1,0,1
89,Kifisias FC,0.90 ,1.51 ,0.57 ,0.43 ,0.09 ,0.65 ,0.35 ,4.70 ,5.39 ,6.22 ,PAS Giannina FC,1.04,1.56 ,0.52 ,0.43 ,0.17 ,0.50 ,0.48 ,4.43 ,5.09 ,5.61 ,4,2,1
90,Aris Thessaloniki FC,1.39 ,1.22 ,0.43 ,0.17 ,0.48 ,0.43 ,0.57 ,4.04 ,4.26 ,5.65 ,OFI FC,1.32,1.41 ,0.43 ,0.39 ,0.22 ,0.43 ,0.57 ,4.17 ,4.35 ,5.61 ,1,0,1
91,Asteras Tripolis FC,1.19 ,1.55 ,0.52 ,0.26 ,0.26 ,0.65 ,0.35 ,4.13 ,4.26 ,4.91 ,PAOK Thessaloniki FC,1.73,1.16 ,0.48 ,0.13 ,0.43 ,0.74 ,0.26 ,5.13 ,3.52 ,4.61 ,1,4,2
92,Pas Lamia 1964,1.18 ,1.64 ,0.61 ,0.22 ,0.17 ,0.67 ,0.33 ,3.54 ,5.42 ,5.46 ,Volos New Football Club,0.89,1.49 ,0.61 ,0.35 ,0.09 ,0.61 ,0.39 ,3.30 ,5.65 ,6.26 ,1,2,2
93,Pae Aps Atromitos Athens,1.03 ,1.56 ,0.57 ,0.39 ,0.17 ,0.50 ,0.50 ,3.50 ,5.13 ,5.79 ,Panathinaikos FC,1.77,0.99 ,0.39 ,0.04 ,0.57 ,0.74 ,0.26 ,5.52 ,2.65 ,5.00 ,3,2,1
94,Panaitolikos GFS Agrinio,1.31 ,1.49 ,0.48 ,0.39 ,0.22 ,0.57 ,0.43 ,3.78 ,5.04 ,5.04 ,AEK Athens FC,2.04,0.98 ,0.52 ,0.04 ,0.42 ,0.67 ,0.33 ,6.92 ,3.42 ,5.50 ,2,2,3
95,Panserraikos FC,1.03 ,1.53 ,0.48 ,0.39 ,0.17 ,0.42 ,0.58 ,3.04 ,4.67 ,6.38 ,Olympiakos CFP,1.76,0.88 ,0.43 ,0.17 ,0.43 ,0.65 ,0.35 ,5.26 ,2.57 ,4.87 ,0,1,2
96,Aris Thessaloniki FC,1.39 ,1.22 ,0.43 ,0.17 ,0.48 ,0.43 ,0.57 ,4.04 ,4.26 ,5.65 ,Pas Lamia 1964,1.18,1.64 ,0.61 ,0.22 ,0.17 ,0.67 ,0.33 ,3.54 ,5.42 ,5.46 ,2,2,3
97,Volos New Football Club,0.89 ,1.49 ,0.61 ,0.35 ,0.09 ,0.61 ,0.39 ,3.30 ,5.65 ,6.26 ,Panathinaikos FC,1.77,0.99 ,0.39 ,0.04 ,0.57 ,0.74 ,0.26 ,5.52 ,2.65 ,5.00 ,0,2,2
98,PAS Giannina FC,1.04 ,1.56 ,0.52 ,0.43 ,0.17 ,0.50 ,0.48 ,4.43 ,5.09 ,5.61 ,Panaitolikos GFS Agrinio,1.31,1.49 ,0.48 ,0.39 ,0.22 ,0.57 ,0.43 ,3.78 ,5.04 ,5.04 ,0,0,3
99,Panserraikos FC,1.03 ,1.53 ,0.48 ,0.39 ,0.17 ,0.42 ,0.58 ,3.04 ,4.67 ,6.38 ,AEK Athens FC,2.04,0.98 ,0.52 ,0.04 ,0.42 ,0.67 ,0.33 ,6.92 ,3.42 ,5.50 ,2,2,3
100,OFI FC,1.32 ,1.41 ,0.43 ,0.39 ,0.22 ,0.43 ,0.57 ,4.17 ,4.35 ,5.61 ,Asteras Tripolis FC,1.19,1.55 ,0.52 ,0.26 ,0.26 ,0.65 ,0.35 ,4.13 ,4.26 ,4.91 ,0,2,2
101,Kifisias FC,0.90 ,1.51 ,0.57 ,0.43 ,0.09 ,0.65 ,0.35 ,4.70 ,5.39 ,6.22 ,PAOK Thessaloniki FC,1.73,1.16 ,0.48 ,0.13 ,0.43 ,0.74 ,0.26 ,5.13 ,3.52 ,4.61 ,0,6,2
102,Pae Aps Atromitos Athens,1.03 ,1.56 ,0.57 ,0.39 ,0.17 ,0.50 ,0.50 ,3.50 ,5.13 ,5.79 ,Olympiakos CFP,1.76,0.88 ,0.43 ,0.17 ,0.43 ,0.65 ,0.35 ,5.26 ,2.57 ,4.87 ,0,0,3
103,Asteras Tripolis FC,1.19 ,1.55 ,0.52 ,0.26 ,0.26 ,0.65 ,0.35 ,4.13 ,4.26 ,4.91 ,Aris Thessaloniki FC,1.39,1.22 ,0.43 ,0.17 ,0.48 ,0.43 ,0.57 ,4.04 ,4.26 ,5.65 ,3,2,1
104,Pas Lamia 1964,1.18 ,1.64 ,0.61 ,0.22 ,0.17 ,0.67 ,0.33 ,3.54 ,5.42 ,5.46 ,Olympiakos CFP,1.76,0.88 ,0.43 ,0.17 ,0.43 ,0.65 ,0.35 ,5.26 ,2.57 ,4.87 ,1,0,1
105,AEK Athens FC,2.04 ,0.98 ,0.52 ,0.04 ,0.42 ,0.67 ,0.33 ,6.92 ,3.42 ,5.50 ,Volos New Football Club,0.89,1.49 ,0.61 ,0.35 ,0.09 ,0.61 ,0.39 ,3.30 ,5.65 ,6.26 ,3,0,1
106,Panathinaikos FC,1.77 ,0.99 ,0.39 ,0.04 ,0.57 ,0.74 ,0.26 ,5.52 ,2.65 ,5.00 ,PAS Giannina FC,1.04,1.56 ,0.52 ,0.43 ,0.17 ,0.50 ,0.48 ,4.43 ,5.09 ,5.61 ,2,0,1
107,Panaitolikos GFS Agrinio,1.31 ,1.49 ,0.48 ,0.39 ,0.22 ,0.57 ,0.43 ,3.78 ,5.04 ,5.04 ,Panserraikos FC,1.03,1.53 ,0.48 ,0.39 ,0.17 ,0.42 ,0.58 ,3.04 ,4.67 ,6.38 ,3,2,1
108,Pae Aps Atromitos Athens,1.03 ,1.56 ,0.57 ,0.39 ,0.17 ,0.50 ,0.50 ,3.50 ,5.13 ,5.79 ,Kifisias FC,0.9,1.51 ,0.57 ,0.43 ,0.09 ,0.65 ,0.35 ,4.70 ,5.39 ,6.22 ,3,0,1
109,Volos New Football Club,0.89 ,1.49 ,0.61 ,0.35 ,0.09 ,0.61 ,0.39 ,3.30 ,5.65 ,6.26 ,Pae Aps Atromitos Athens,1.03,1.56 ,0.57 ,0.39 ,0.17 ,0.50 ,0.50 ,3.50 ,5.13 ,5.79 ,1,2,2
110,Panserraikos FC,1.03 ,1.53 ,0.48 ,0.39 ,0.17 ,0.42 ,0.58 ,3.04 ,4.67 ,6.38 ,Kifisias FC,0.9,1.51 ,0.57 ,0.43 ,0.09 ,0.65 ,0.35 ,4.70 ,5.39 ,6.22 ,1,1,3
111,Panathinaikos FC,1.77 ,0.99 ,0.39 ,0.04 ,0.57 ,0.74 ,0.26 ,5.52 ,2.65 ,5.00 ,Panaitolikos GFS Agrinio,1.31,1.49 ,0.48 ,0.39 ,0.22 ,0.57 ,0.43 ,3.78 ,5.04 ,5.04 ,2,1,1
112,PAS Giannina FC,1.04 ,1.56 ,0.52 ,0.43 ,0.17 ,0.50 ,0.48 ,4.43 ,5.09 ,5.61 ,Asteras Tripolis FC,1.19,1.55 ,0.52 ,0.26 ,0.26 ,0.65 ,0.35 ,4.13 ,4.26 ,4.91 ,2,1,1
113,PAS Giannina FC,1.04 ,1.56 ,0.52 ,0.43 ,0.17 ,0.50 ,0.48 ,4.43 ,5.09 ,5.61 ,Asteras Tripolis FC,1.19,1.55 ,0.52 ,0.26 ,0.26 ,0.65 ,0.35 ,4.13 ,4.26 ,4.91 ,2,1,1
114,Aris Thessaloniki FC,1.39 ,1.22 ,0.43 ,0.17 ,0.48 ,0.43 ,0.57 ,4.04 ,4.26 ,5.65 ,PAOK Thessaloniki FC,1.73,1.16 ,0.48 ,0.13 ,0.43 ,0.74 ,0.26 ,5.13 ,3.52 ,4.61 ,2,1,1
115,Olympiakos CFP,1.76 ,0.88 ,0.43 ,0.17 ,0.43 ,0.65 ,0.35 ,5.26 ,2.57 ,4.87 ,AEK Athens FC,2.04,0.98 ,0.52 ,0.04 ,0.42 ,0.67 ,0.33 ,6.92 ,3.42 ,5.50 ,1,2,2
116,OFI FC,1.32 ,1.41 ,0.43 ,0.39 ,0.22 ,0.43 ,0.57 ,4.17 ,4.35 ,5.61 ,Pas Lamia 1964,1.18,1.64 ,0.61 ,0.22 ,0.17 ,0.67 ,0.33 ,3.54 ,5.42 ,5.46 ,1,1,3
117,Pae Aps Atromitos Athens,1.03 ,1.56 ,0.57 ,0.39 ,0.17 ,0.50 ,0.50 ,3.50 ,5.13 ,5.79 ,OFI FC,1.32,1.41 ,0.43 ,0.39 ,0.22 ,0.43 ,0.57 ,4.17 ,4.35 ,5.61 ,1,1,3
118,Pas Lamia 1964,1.18 ,1.64 ,0.61 ,0.22 ,0.17 ,0.67 ,0.33 ,3.54 ,5.42 ,5.46 ,Panserraikos FC,1.03,1.53 ,0.48 ,0.39 ,0.17 ,0.42 ,0.58 ,3.04 ,4.67 ,6.38 ,0,2,2
119,Panaitolikos GFS Agrinio,1.31 ,1.49 ,0.48 ,0.39 ,0.22 ,0.57 ,0.43 ,3.78 ,5.04 ,5.04 ,Aris Thessaloniki FC,1.39,1.22 ,0.43 ,0.17 ,0.48 ,0.43 ,0.57 ,4.04 ,4.26 ,5.65 ,0,4,2
120,Kifisias FC,0.90 ,1.51 ,0.57 ,0.43 ,0.09 ,0.65 ,0.35 ,4.70 ,5.39 ,6.22 ,Olympiakos CFP,1.76,0.88 ,0.43 ,0.17 ,0.43 ,0.65 ,0.35 ,5.26 ,2.57 ,4.87 ,2,3,2
121,Asteras Tripolis FC,1.19 ,1.55 ,0.52 ,0.26 ,0.26 ,0.65 ,0.35 ,4.13 ,4.26 ,4.91 ,Volos New Football Club,0.89,1.49 ,0.61 ,0.35 ,0.09 ,0.61 ,0.39 ,3.30 ,5.65 ,6.26 ,1,0,1
122,AEK Athens FC,2.04 ,0.98 ,0.52 ,0.04 ,0.42 ,0.67 ,0.33 ,6.92 ,3.42 ,5.50 ,Panathinaikos FC,1.77,0.99 ,0.39 ,0.04 ,0.57 ,0.74 ,0.26 ,5.52 ,2.65 ,5.00 ,2,2,3
123,PAOK Thessaloniki FC,1.73 ,1.16 ,0.48 ,0.13 ,0.43 ,0.74 ,0.26 ,5.13 ,3.52 ,4.61 ,PAS Giannina FC,1.04,1.56 ,0.52 ,0.43 ,0.17 ,0.50 ,0.48 ,4.43 ,5.09 ,5.61 ,4,0,1
124,Pas Lamia 1964,1.18 ,1.64 ,0.61 ,0.22 ,0.17 ,0.67 ,0.33 ,3.54 ,5.42 ,5.46 ,Kifisias FC,0.9,1.51 ,0.57 ,0.43 ,0.09 ,0.65 ,0.35 ,4.70 ,5.39 ,6.22 ,4,1,1
125,PAS Giannina FC,1.04 ,1.56 ,0.52 ,0.43 ,0.17 ,0.50 ,0.48 ,4.43 ,5.09 ,5.61 ,Panserraikos FC,1.03,1.53 ,0.48 ,0.39 ,0.17 ,0.42 ,0.58 ,3.04 ,4.67 ,6.38 ,0,2,2
126,OFI FC,1.32 ,1.41 ,0.43 ,0.39 ,0.22 ,0.43 ,0.57 ,4.17 ,4.35 ,5.61 ,Panaitolikos GFS Agrinio,1.31,1.49 ,0.48 ,0.39 ,0.22 ,0.57 ,0.43 ,3.78 ,5.04 ,5.04 ,1,0,1
127,Volos New Football Club,0.89 ,1.49 ,0.61 ,0.35 ,0.09 ,0.61 ,0.39 ,3.30 ,5.65 ,6.26 ,PAOK Thessaloniki FC,1.73,1.16 ,0.48 ,0.13 ,0.43 ,0.74 ,0.26 ,5.13 ,3.52 ,4.61 ,1,5,2
128,Pae Aps Atromitos Athens,1.03 ,1.56 ,0.57 ,0.39 ,0.17 ,0.50 ,0.50 ,3.50 ,5.13 ,5.79 ,AEK Athens FC,2.04,0.98 ,0.52 ,0.04 ,0.42 ,0.67 ,0.33 ,6.92 ,3.42 ,5.50 ,0,5,2
129,Panathinaikos FC,1.77 ,0.99 ,0.39 ,0.04 ,0.57 ,0.74 ,0.26 ,5.52 ,2.65 ,5.00 ,Asteras Tripolis FC,1.19,1.55 ,0.52 ,0.26 ,0.26 ,0.65 ,0.35 ,4.13 ,4.26 ,4.91 ,2,0,1
130,Aris Thessaloniki FC,1.39 ,1.22 ,0.43 ,0.17 ,0.48 ,0.43 ,0.57 ,4.04 ,4.26 ,5.65 ,Olympiakos CFP,1.76,0.88 ,0.43 ,0.17 ,0.43 ,0.65 ,0.35 ,5.26 ,2.57 ,4.87 ,1,2,2
131,Panaitolikos GFS Agrinio,1.31 ,1.49 ,0.48 ,0.39 ,0.22 ,0.57 ,0.43 ,3.78 ,5.04 ,5.04 ,Pas Lamia 1964,1.18,1.64 ,0.61 ,0.22 ,0.17 ,0.67 ,0.33 ,3.54 ,5.42 ,5.46 ,1,2,2
132,Panserraikos FC,1.03 ,1.53 ,0.48 ,0.39 ,0.17 ,0.42 ,0.58 ,3.04 ,4.67 ,6.38 ,Volos New Football Club,0.89,1.49 ,0.61 ,0.35 ,0.09 ,0.61 ,0.39 ,3.30 ,5.65 ,6.26 ,2,2,3
133,Kifisias FC,0.90 ,1.51 ,0.57 ,0.43 ,0.09 ,0.65 ,0.35 ,4.70 ,5.39 ,6.22 ,Aris Thessaloniki FC,1.39,1.22 ,0.43 ,0.17 ,0.48 ,0.43 ,0.57 ,4.04 ,4.26 ,5.65 ,0,1,2
134,AEK Athens FC,2.04 ,0.98 ,0.52 ,0.04 ,0.42 ,0.67 ,0.33 ,6.92 ,3.42 ,5.50 ,OFI FC,1.32,1.41 ,0.43 ,0.39 ,0.22 ,0.43 ,0.57 ,4.17 ,4.35 ,5.61 ,3,0,1
135,Asteras Tripolis FC,1.19 ,1.55 ,0.52 ,0.26 ,0.26 ,0.65 ,0.35 ,4.13 ,4.26 ,4.91 ,Pae Aps Atromitos Athens,1.03,1.56 ,0.57 ,0.39 ,0.17 ,0.50 ,0.50 ,3.50 ,5.13 ,5.79 ,3,1,1
136,Olympiakos CFP,1.76 ,0.88 ,0.43 ,0.17 ,0.43 ,0.65 ,0.35 ,5.26 ,2.57 ,4.87 ,PAS Giannina FC,1.04,1.56 ,0.52 ,0.43 ,0.17 ,0.50 ,0.48 ,4.43 ,5.09 ,5.61 ,3,1,1
137,PAOK Thessaloniki FC,1.73 ,1.16 ,0.48 ,0.13 ,0.43 ,0.74 ,0.26 ,5.13 ,3.52 ,4.61 ,Panathinaikos FC,1.77,0.99 ,0.39 ,0.04 ,0.57 ,0.74 ,0.26 ,5.52 ,2.65 ,5.00 ,2,1,1
138,Volos New Football Club,0.89 ,1.49 ,0.61 ,0.35 ,0.09 ,0.61 ,0.39 ,3.30 ,5.65 ,6.26 ,Panaitolikos GFS Agrinio,1.31,1.49 ,0.48 ,0.39 ,0.22 ,0.57 ,0.43 ,3.78 ,5.04 ,5.04 ,1,1,3
139,Panserraikos FC,1.03 ,1.53 ,0.48 ,0.39 ,0.17 ,0.42 ,0.58 ,3.04 ,4.67 ,6.38 ,Aris Thessaloniki FC,1.39,1.22 ,0.43 ,0.17 ,0.48 ,0.43 ,0.57 ,4.04 ,4.26 ,5.65 ,1,1,3
140,OFI FC,1.32 ,1.41 ,0.43 ,0.39 ,0.22 ,0.43 ,0.57 ,4.17 ,4.35 ,5.61 ,Kifisias FC,0.9,1.51 ,0.57 ,0.43 ,0.09 ,0.65 ,0.35 ,4.70 ,5.39 ,6.22 ,1,2,2
141,AEK Athens FC,2.04 ,0.98 ,0.52 ,0.04 ,0.42 ,0.67 ,0.33 ,6.92 ,3.42 ,5.50 ,Asteras Tripolis FC,1.19,1.55 ,0.52 ,0.26 ,0.26 ,0.65 ,0.35 ,4.13 ,4.26 ,4.91 ,4,2,1
142,PAS Giannina FC,1.04 ,1.56 ,0.52 ,0.43 ,0.17 ,0.50 ,0.48 ,4.43 ,5.09 ,5.61 ,Pas Lamia 1964,1.18,1.64 ,0.61 ,0.22 ,0.17 ,0.67 ,0.33 ,3.54 ,5.42 ,5.46 ,1,4,2
143,Pae Aps Atromitos Athens,1.03 ,1.56 ,0.57 ,0.39 ,0.17 ,0.50 ,0.50 ,3.50 ,5.13 ,5.79 ,PAOK Thessaloniki FC,1.73,1.16 ,0.48 ,0.13 ,0.43 ,0.74 ,0.26 ,5.13 ,3.52 ,4.61 ,0,2,2
144,Panathinaikos FC,1.77 ,0.99 ,0.39 ,0.04 ,0.57 ,0.74 ,0.26 ,5.52 ,2.65 ,5.00 ,Olympiakos CFP,1.76,0.88 ,0.43 ,0.17 ,0.43 ,0.65 ,0.35 ,5.26 ,2.57 ,4.87 ,2,0,1
145,Olympiakos CFP,1.76 ,0.88 ,0.43 ,0.17 ,0.43 ,0.65 ,0.35 ,5.26 ,2.57 ,4.87 ,OFI FC,1.32,1.41 ,0.43 ,0.39 ,0.22 ,0.43 ,0.57 ,4.17 ,4.35 ,5.61 ,4,0,1
146,PAS Giannina FC,1.04 ,1.56 ,0.52 ,0.43 ,0.17 ,0.50 ,0.48 ,4.43 ,5.09 ,5.61 ,Aris Thessaloniki FC,1.39,1.22 ,0.43 ,0.17 ,0.48 ,0.43 ,0.57 ,4.04 ,4.26 ,5.65 ,0,0,3
147,Panaitolikos GFS Agrinio,1.31 ,1.49 ,0.48 ,0.39 ,0.22 ,0.57 ,0.43 ,3.78 ,5.04 ,5.04 ,Pae Aps Atromitos Athens,1.03,1.56 ,0.57 ,0.39 ,0.17 ,0.50 ,0.50 ,3.50 ,5.13 ,5.79 ,1,0,1
148,Kifisias FC,0.90 ,1.51 ,0.57 ,0.43 ,0.09 ,0.65 ,0.35 ,4.70 ,5.39 ,6.22 ,Volos New Football Club,0.89,1.49 ,0.61 ,0.35 ,0.09 ,0.61 ,0.39 ,3.30 ,5.65 ,6.26 ,0,0,3
149,Panserraikos FC,1.03 ,1.53 ,0.48 ,0.39 ,0.17 ,0.42 ,0.58 ,3.04 ,4.67 ,6.38 ,Panathinaikos FC,1.77,0.99 ,0.39 ,0.04 ,0.57 ,0.74 ,0.26 ,5.52 ,2.65 ,5.00 ,0,3,2
150,Pas Lamia 1964,1.18 ,1.64 ,0.61 ,0.22 ,0.17 ,0.67 ,0.33 ,3.54 ,5.42 ,5.46 ,Asteras Tripolis FC,1.19,1.55 ,0.52 ,0.26 ,0.26 ,0.65 ,0.35 ,4.13 ,4.26 ,4.91 ,2,1,1
151,PAOK Thessaloniki FC,1.73 ,1.16 ,0.48 ,0.13 ,0.43 ,0.74 ,0.26 ,5.13 ,3.52 ,4.61 ,AEK Athens FC,2.04,0.98 ,0.52 ,0.04 ,0.42 ,0.67 ,0.33 ,6.92 ,3.42 ,5.50 ,1,1,3
152,Pae Aps Atromitos Athens,1.03 ,1.56 ,0.57 ,0.39 ,0.17 ,0.50 ,0.50 ,3.50 ,5.13 ,5.79 ,Aris Thessaloniki FC,1.39,1.22 ,0.43 ,0.17 ,0.48 ,0.43 ,0.57 ,4.04 ,4.26 ,5.65 ,0,2,2
153,Panathinaikos FC,1.77 ,0.99 ,0.39 ,0.04 ,0.57 ,0.74 ,0.26 ,5.52 ,2.65 ,5.00 ,Pas Lamia 1964,1.18,1.64 ,0.61 ,0.22 ,0.17 ,0.67 ,0.33 ,3.54 ,5.42 ,5.46 ,2,2,3
154,Volos New Football Club,0.89 ,1.49 ,0.61 ,0.35 ,0.09 ,0.61 ,0.39 ,3.30 ,5.65 ,6.26 ,PAS Giannina FC,1.04,1.56 ,0.52 ,0.43 ,0.17 ,0.50 ,0.48 ,4.43 ,5.09 ,5.61 ,1,2,2
155,AEK Athens FC,2.04 ,0.98 ,0.52 ,0.04 ,0.42 ,0.67 ,0.33 ,6.92 ,3.42 ,5.50 ,Kifisias FC,0.9,1.51 ,0.57 ,0.43 ,0.09 ,0.65 ,0.35 ,4.70 ,5.39 ,6.22 ,3,0,1
156,PAOK Thessaloniki FC,1.73 ,1.16 ,0.48 ,0.13 ,0.43 ,0.74 ,0.26 ,5.13 ,3.52 ,4.61 ,Olympiakos CFP,1.76,0.88 ,0.43 ,0.17 ,0.43 ,0.65 ,0.35 ,5.26 ,2.57 ,4.87 ,1,4,2
157,OFI FC,1.32 ,1.41 ,0.43 ,0.39 ,0.22 ,0.43 ,0.57 ,4.17 ,4.35 ,5.61 ,Panserraikos FC,1.03,1.53 ,0.48 ,0.39 ,0.17 ,0.42 ,0.58 ,3.04 ,4.67 ,6.38 ,4,0,1
158,Aris Thessaloniki FC,1.39 ,1.22 ,0.43 ,0.17 ,0.48 ,0.43 ,0.57 ,4.04 ,4.26 ,5.65 ,Panaitolikos GFS Agrinio,1.31,1.49 ,0.48 ,0.39 ,0.22 ,0.57 ,0.43 ,3.78 ,5.04 ,5.04 ,2,2,3
159,Burnley FC,0.91 ,1.66 ,0.54 ,0.38 ,0.08 ,0.62 ,0.38 ,4.88 ,6.42 ,0.02 ,Manchester City FC,2.16,0.94 ,0.62 ,0.08 ,0.31 ,0.62 ,0.38 ,7.69 ,3.50 ,1.69 ,0,3,2
160,Newcastle United FC,1.50 ,1.54 ,0.58 ,0.15 ,0.27 ,0.73 ,0.27 ,4.69 ,5.04 ,2.19 ,Aston Villa FC,1.65,1.26 ,0.69 ,0.12 ,0.23 ,0.73 ,0.27 ,6.23 ,4.15 ,2.65 ,5,1,1
161,Sheffield United FC,0.82 ,1.85 ,0.54 ,0.42 ,0.04 ,0.65 ,0.35 ,3.42 ,7.31 ,2.96 ,Crystal Palace FC,1.14,1.40 ,0.62 ,0.23 ,0.23 ,0.58 ,0.42 ,4.77 ,4.85 ,1.92 ,0,1,2
162,Everton FC,1.45 ,1.44 ,0.38 ,0.38 ,0.31 ,0.46 ,0.54 ,4.62 ,6.23 ,2.12 ,Fulham FC,1.38,1.56 ,0.46 ,0.38 ,0.23 ,0.62 ,0.38 ,5.85 ,4.88 ,2.46 ,0,1,2
163,Brighton & Hove Albion FC,1.72 ,1.28 ,0.81 ,0.15 ,0.12 ,0.65 ,0.35 ,5.50 ,4.15 ,2.46 ,Luton Town FC,1.13,1.77 ,0.76 ,0.16 ,0.08 ,0.72 ,0.28 ,5.60 ,5.72 ,1.92 ,4,1,1
164,AFC Bournemouth,1.43 ,1.55 ,0.60 ,0.24 ,0.20 ,0.68 ,0.32 ,6.00 ,5.72 ,1.96 ,West Ham United FC,1.13,1.79 ,0.62 ,0.23 ,0.19 ,0.65 ,0.35 ,4.08 ,6.04 ,2.38 ,1,1,3
165,Arsenal FC,1.87 ,0.90 ,0.50 ,0.12 ,0.38 ,0.65 ,0.35 ,7.58 ,2.69 ,1.58 ,Nottingham Forest FC,0.96,1.52 ,0.65 ,0.23 ,0.15 ,0.58 ,0.42 ,3.73 ,6.46 ,2.31 ,1,1,3
166,Chelsea FC,1.50 ,1.47 ,0.64 ,0.20 ,0.20 ,0.60 ,0.40 ,5.04 ,5.16 ,3.28 ,Liverpool FC,2.15,1.22 ,0.69 ,0.04 ,0.31 ,0.69 ,0.31 ,6.85 ,4.31 ,2.00 ,1,1,3
167,Brentford FC,1.39 ,1.67 ,0.65 ,0.19 ,0.15 ,0.69 ,0.31 ,4.69 ,5.85 ,2.19 ,Tottenham Hotspur FC,1.8,1.44 ,0.80 ,0.00 ,0.20 ,0.80 ,0.20 ,5.96 ,6.60 ,2.40 ,2,2,3
168,Manchester United FC,1.53 ,1.61 ,0.50 ,0.27 ,0.27 ,0.65 ,0.35 ,6.46 ,6.69 ,2.46 ,Wolverhampton Wanderers FC,1.18,1.52 ,0.69 ,0.15 ,0.19 ,0.65 ,0.35 ,4.27 ,5.88 ,2.54 ,1,0,1
169,Nottingham Forest FC,0.96 ,1.52 ,0.65 ,0.23 ,0.15 ,0.58 ,0.42 ,3.73 ,6.46 ,2.31 ,Sheffield United FC,0.82,1.85 ,0.54 ,0.42 ,0.04 ,0.65 ,0.35 ,3.42 ,7.31 ,2.96 ,2,1,1
170,Manchester City FC,2.16 ,0.94 ,0.62 ,0.08 ,0.31 ,0.62 ,0.38 ,7.69 ,3.50 ,1.69 ,Newcastle United FC,1.5,1.54 ,0.58 ,0.15 ,0.27 ,0.73 ,0.27 ,4.69 ,5.04 ,2.19 ,1,0,1
171,Tottenham Hotspur FC,1.80 ,1.44 ,0.80 ,0.00 ,0.20 ,0.80 ,0.20 ,5.96 ,6.60 ,2.40 ,Manchester United FC,1.53,1.61 ,0.50 ,0.27 ,0.27 ,0.65 ,0.35 ,6.46 ,6.69 ,2.46 ,2,0,1
172,Wolverhampton Wanderers FC,1.18 ,1.52 ,0.69 ,0.15 ,0.19 ,0.65 ,0.35 ,4.27 ,5.88 ,2.54 ,Brighton & Hove Albion FC,1.72,1.28 ,0.81 ,0.15 ,0.12 ,0.65 ,0.35 ,5.50 ,4.15 ,2.46 ,1,4,2
173,Liverpool FC,2.15 ,1.22 ,0.69 ,0.04 ,0.31 ,0.69 ,0.31 ,6.85 ,4.31 ,2.00 ,AFC Bournemouth,1.43,1.55 ,0.60 ,0.24 ,0.20 ,0.68 ,0.32 ,6.00 ,5.72 ,1.96 ,3,1,1
174,Fulham FC,1.38 ,1.56 ,0.46 ,0.38 ,0.23 ,0.62 ,0.38 ,5.85 ,4.88 ,2.46 ,Brentford FC,1.39,1.67 ,0.65 ,0.19 ,0.15 ,0.69 ,0.31 ,4.69 ,5.85 ,2.19 ,0,3,2
175,West Ham United FC,1.13 ,1.79 ,0.62 ,0.23 ,0.19 ,0.65 ,0.35 ,4.08 ,6.04 ,2.38 ,Chelsea FC,1.5,1.47 ,0.64 ,0.20 ,0.20 ,0.60 ,0.40 ,5.04 ,5.16 ,3.28 ,3,1,1
176,Aston Villa FC,1.65 ,1.26 ,0.69 ,0.12 ,0.23 ,0.73 ,0.27 ,6.23 ,4.15 ,2.65 ,Everton FC,1.45,1.44 ,0.38 ,0.38 ,0.31 ,0.46 ,0.54 ,4.62 ,6.23 ,2.12 ,4,0,1
177,Crystal Palace FC,1.14 ,1.40 ,0.62 ,0.23 ,0.23 ,0.58 ,0.42 ,4.77 ,4.85 ,1.92 ,Arsenal FC,1.87,0.90 ,0.50 ,0.12 ,0.38 ,0.65 ,0.35 ,7.58 ,2.69 ,1.58 ,0,1,2
178,Chelsea FC,1.50 ,1.47 ,0.64 ,0.20 ,0.20 ,0.60 ,0.40 ,5.04 ,5.16 ,3.28 ,Luton Town FC,1.13,1.77 ,0.76 ,0.16 ,0.08 ,0.72 ,0.28 ,5.60 ,5.72 ,1.92 ,3,0,1
179,Brighton & Hove Albion FC,1.72 ,1.28 ,0.81 ,0.15 ,0.12 ,0.65 ,0.35 ,5.50 ,4.15 ,2.46 ,Luton Town FC,1.13,1.77 ,0.76 ,0.16 ,0.08 ,0.72 ,0.28 ,5.60 ,5.72 ,1.92 ,1,3,2
180,Manchester United FC,1.53 ,1.61 ,0.50 ,0.27 ,0.27 ,0.65 ,0.35 ,6.46 ,6.69 ,2.46 ,Nottingham Forest FC,0.96,1.52 ,0.65 ,0.23 ,0.15 ,0.58 ,0.42 ,3.73 ,6.46 ,2.31 ,3,2,1
181,Everton FC,1.45 ,1.44 ,0.38 ,0.38 ,0.31 ,0.46 ,0.54 ,4.62 ,6.23 ,2.12 ,Wolverhampton Wanderers FC,1.18,1.52 ,0.69 ,0.15 ,0.19 ,0.65 ,0.35 ,4.27 ,5.88 ,2.54 ,0,1,2
182,Brentford FC,1.39 ,1.67 ,0.65 ,0.19 ,0.15 ,0.69 ,0.31 ,4.69 ,5.85 ,2.19 ,Crystal Palace FC,1.14,1.40 ,0.62 ,0.23 ,0.23 ,0.58 ,0.42 ,4.77 ,4.85 ,1.92 ,1,1,3
183,Arsenal FC,1.87 ,0.90 ,0.50 ,0.12 ,0.38 ,0.65 ,0.35 ,7.58 ,2.69 ,1.58 ,Fulham FC,1.38,1.56 ,0.46 ,0.38 ,0.23 ,0.62 ,0.38 ,5.85 ,4.88 ,2.46 ,2,2,3
184,AFC Bournemouth,1.43 ,1.55 ,0.60 ,0.24 ,0.20 ,0.68 ,0.32 ,6.00 ,5.72 ,1.96 ,Tottenham Hotspur FC,1.8,1.44 ,0.80 ,0.00 ,0.20 ,0.80 ,0.20 ,5.96 ,6.60 ,2.40 ,0,2,2
185,Newcastle United FC,1.50 ,1.54 ,0.58 ,0.15 ,0.27 ,0.73 ,0.27 ,4.69 ,5.04 ,2.19 ,Liverpool FC,2.15,1.22 ,0.69 ,0.04 ,0.31 ,0.69 ,0.31 ,6.85 ,4.31 ,2.00 ,1,2,2
186,Sheffield United FC,0.82 ,1.85 ,0.54 ,0.42 ,0.04 ,0.65 ,0.35 ,3.42 ,7.31 ,2.96 ,Manchester City FC,2.16,0.94 ,0.62 ,0.08 ,0.31 ,0.62 ,0.38 ,7.69 ,3.50 ,1.69 ,1,2,2
187,Burnley FC,0.91 ,1.66 ,0.54 ,0.38 ,0.08 ,0.62 ,0.38 ,4.88 ,6.42 ,0.02 ,Aston Villa FC,1.65,1.26 ,0.69 ,0.12 ,0.23 ,0.73 ,0.27 ,6.23 ,4.15 ,2.65 ,1,3,2
188,Luton Town FC,1.13 ,1.77 ,0.76 ,0.16 ,0.08 ,0.72 ,0.28 ,5.60 ,5.72 ,1.92 ,West Ham United FC,1.13,1.79 ,0.62 ,0.23 ,0.19 ,0.65 ,0.35 ,4.08 ,6.04 ,2.38 ,1,2,2
189,Brighton & Hove Albion FC,1.72 ,1.28 ,0.81 ,0.15 ,0.12 ,0.65 ,0.35 ,5.50 ,4.15 ,2.46 ,Newcastle United FC,1.5,1.54 ,0.58 ,0.15 ,0.27 ,0.73 ,0.27 ,4.69 ,5.04 ,2.19 ,3,1,1
190,Manchester City FC,2.16 ,0.94 ,0.62 ,0.08 ,0.31 ,0.62 ,0.38 ,7.69 ,3.50 ,1.69 ,Fulham FC,1.38,1.56 ,0.46 ,0.38 ,0.23 ,0.62 ,0.38 ,5.85 ,4.88 ,2.46 ,5,1,1
191,Chelsea FC,1.50 ,1.47 ,0.64 ,0.20 ,0.20 ,0.60 ,0.40 ,5.04 ,5.16 ,3.28 ,Nottingham Forest FC,0.96,1.52 ,0.65 ,0.23 ,0.15 ,0.58 ,0.42 ,3.73 ,6.46 ,2.31 ,0,1,2
192,Burnley FC,0.91 ,1.66 ,0.54 ,0.38 ,0.08 ,0.62 ,0.38 ,4.88 ,6.42 ,0.02 ,Tottenham Hotspur FC,1.8,1.44 ,0.80 ,0.00 ,0.20 ,0.80 ,0.20 ,5.96 ,6.60 ,2.40 ,2,5,2
193,Brentford FC,1.39 ,1.67 ,0.65 ,0.19 ,0.15 ,0.69 ,0.31 ,4.69 ,5.85 ,2.19 ,AFC Bournemouth,1.43,1.55 ,0.60 ,0.24 ,0.20 ,0.68 ,0.32 ,6.00 ,5.72 ,1.96 ,2,2,3
194,Sheffield United FC,0.82 ,1.85 ,0.54 ,0.42 ,0.04 ,0.65 ,0.35 ,3.42 ,7.31 ,2.96 ,Everton FC,1.45,1.44 ,0.38 ,0.38 ,0.31 ,0.46 ,0.54 ,4.62 ,6.23 ,2.12 ,2,2,3
195,Arsenal FC,1.87 ,0.90 ,0.50 ,0.12 ,0.38 ,0.65 ,0.35 ,7.58 ,2.69 ,1.58 ,Manchester United FC,1.53,1.61 ,0.50 ,0.27 ,0.27 ,0.65 ,0.35 ,6.46 ,6.69 ,2.46 ,3,1,1
196,Liverpool FC,2.15 ,1.22 ,0.69 ,0.04 ,0.31 ,0.69 ,0.31 ,6.85 ,4.31 ,2.00 ,Aston Villa FC,1.65,1.26 ,0.69 ,0.12 ,0.23 ,0.73 ,0.27 ,6.23 ,4.15 ,2.65 ,3,0,1
197,Crystal Palace FC,1.14 ,1.40 ,0.62 ,0.23 ,0.23 ,0.58 ,0.42 ,4.77 ,4.85 ,1.92 ,Wolverhampton Wanderers FC,1.18,1.52 ,0.69 ,0.15 ,0.19 ,0.65 ,0.35 ,4.27 ,5.88 ,2.54 ,3,2,1
198,Newcastle United FC,1.50 ,1.54 ,0.58 ,0.15 ,0.27 ,0.73 ,0.27 ,4.69 ,5.04 ,2.19 ,Brentford FC,1.39,1.67 ,0.65 ,0.19 ,0.15 ,0.69 ,0.31 ,4.69 ,5.85 ,2.19 ,1,0,1
199,West Ham United FC,1.13 ,1.79 ,0.62 ,0.23 ,0.19 ,0.65 ,0.35 ,4.08 ,6.04 ,2.38 ,Manchester City FC,2.16,0.94 ,0.62 ,0.08 ,0.31 ,0.62 ,0.38 ,7.69 ,3.50 ,1.69 ,1,3,2
200,Tottenham Hotspur FC,1.80 ,1.44 ,0.80 ,0.00 ,0.20 ,0.80 ,0.20 ,5.96 ,6.60 ,2.40 ,Sheffield United FC,0.82,1.85 ,0.54 ,0.42 ,0.04 ,0.65 ,0.35 ,3.42 ,7.31 ,2.96 ,2,1,1
201,Manchester United FC,1.53 ,1.61 ,0.50 ,0.27 ,0.27 ,0.65 ,0.35 ,6.46 ,6.69 ,2.46 ,Brighton & Hove Albion FC,1.72,1.28 ,0.81 ,0.15 ,0.12 ,0.65 ,0.35 ,5.50 ,4.15 ,2.46 ,1,3,2
202,Fulham FC,1.38 ,1.56 ,0.46 ,0.38 ,0.23 ,0.62 ,0.38 ,5.85 ,4.88 ,2.46 ,Luton Town FC,1.13,1.77 ,0.76 ,0.16 ,0.08 ,0.72 ,0.28 ,5.60 ,5.72 ,1.92 ,1,0,1
203,Aston Villa FC,1.65 ,1.26 ,0.69 ,0.12 ,0.23 ,0.73 ,0.27 ,6.23 ,4.15 ,2.65 ,Crystal Palace FC,1.14,1.40 ,0.62 ,0.23 ,0.23 ,0.58 ,0.42 ,4.77 ,4.85 ,1.92 ,3,1,1
204,Wolverhampton Wanderers FC,1.18 ,1.52 ,0.69 ,0.15 ,0.19 ,0.65 ,0.35 ,4.27 ,5.88 ,2.54 ,Liverpool FC,2.15,1.22 ,0.69 ,0.04 ,0.31 ,0.69 ,0.31 ,6.85 ,4.31 ,2.00 ,1,3,2
205,Everton FC,1.45 ,1.44 ,0.38 ,0.38 ,0.31 ,0.46 ,0.54 ,4.62 ,6.23 ,2.12 ,Arsenal FC,1.87,0.90 ,0.50 ,0.12 ,0.38 ,0.65 ,0.35 ,7.58 ,2.69 ,1.58 ,0,1,2
206,AFC Bournemouth,1.43 ,1.55 ,0.60 ,0.24 ,0.20 ,0.68 ,0.32 ,6.00 ,5.72 ,1.96 ,Chelsea FC,1.5,1.47 ,0.64 ,0.20 ,0.20 ,0.60 ,0.40 ,5.04 ,5.16 ,3.28 ,0,0,3
207,Nottingham Forest FC,0.96 ,1.52 ,0.65 ,0.23 ,0.15 ,0.58 ,0.42 ,3.73 ,6.46 ,2.31 ,Burnley FC,0.91,1.66 ,0.54 ,0.38 ,0.08 ,0.62 ,0.38 ,4.88 ,6.42 ,0.02 ,1,1,3
208,Burnley FC,0.91 ,1.66 ,0.54 ,0.38 ,0.08 ,0.62 ,0.38 ,4.88 ,6.42 ,0.02 ,Manchester United FC,1.53,1.61 ,0.50 ,0.27 ,0.27 ,0.65 ,0.35 ,6.46 ,6.69 ,2.46 ,0,1,2
209,Brentford FC,1.39 ,1.67 ,0.65 ,0.19 ,0.15 ,0.69 ,0.31 ,4.69 ,5.85 ,2.19 ,Everton FC,1.45,1.44 ,0.38 ,0.38 ,0.31 ,0.46 ,0.54 ,4.62 ,6.23 ,2.12 ,1,3,3
210,Manchester City FC,2.16 ,0.94 ,0.62 ,0.08 ,0.31 ,0.62 ,0.38 ,7.69 ,3.50 ,1.69 ,Nottingham Forest FC,0.96,1.52 ,0.65 ,0.23 ,0.15 ,0.58 ,0.42 ,3.73 ,6.46 ,2.31 ,2,0,1
211,Luton Town FC,1.13 ,1.77 ,0.76 ,0.16 ,0.08 ,0.72 ,0.28 ,5.60 ,5.72 ,1.92 ,Wolverhampton Wanderers FC,1.18,1.52 ,0.69 ,0.15 ,0.19 ,0.65 ,0.35 ,4.27 ,5.88 ,2.54 ,1,1,3
212,Crystal Palace FC,1.14 ,1.40 ,0.62 ,0.23 ,0.23 ,0.58 ,0.42 ,4.77 ,4.85 ,1.92 ,Fulham FC,1.38,1.56 ,0.46 ,0.38 ,0.23 ,0.62 ,0.38 ,5.85 ,4.88 ,2.46 ,0,0,3
213,Sheffield United FC,0.82 ,1.85 ,0.54 ,0.42 ,0.04 ,0.65 ,0.35 ,3.42 ,7.31 ,2.96 ,Newcastle United FC,1.5,1.54 ,0.58 ,0.15 ,0.27 ,0.73 ,0.27 ,4.69 ,5.04 ,2.19 ,0,8,2
214,Liverpool FC,2.15 ,1.22 ,0.69 ,0.04 ,0.31 ,0.69 ,0.31 ,6.85 ,4.31 ,2.00 ,West Ham United FC,1.13,1.79 ,0.62 ,0.23 ,0.19 ,0.65 ,0.35 ,4.08 ,6.04 ,2.38 ,3,1,1
215,Chelsea FC,1.50 ,1.47 ,0.64 ,0.20 ,0.20 ,0.60 ,0.40 ,5.04 ,5.16 ,3.28 ,Aston Villa FC,1.65,1.26 ,0.69 ,0.12 ,0.23 ,0.73 ,0.27 ,6.23 ,4.15 ,2.65 ,0,1,2
216,Brighton & Hove Albion FC,1.72 ,1.28 ,0.81 ,0.15 ,0.12 ,0.65 ,0.35 ,5.50 ,4.15 ,2.46 ,AFC Bournemouth,1.43,1.55 ,0.60 ,0.24 ,0.20 ,0.68 ,0.32 ,6.00 ,5.72 ,1.96 ,3,1,1
217,Arsenal FC,1.87 ,0.90 ,0.50 ,0.12 ,0.38 ,0.65 ,0.35 ,7.58 ,2.69 ,1.58 ,Tottenham Hotspur FC,1.8,1.44 ,0.80 ,0.00 ,0.20 ,0.80 ,0.20 ,5.96 ,6.60 ,2.40 ,2,2,3
218,Tottenham Hotspur FC,1.80 ,1.44 ,0.80 ,0.00 ,0.20 ,0.80 ,0.20 ,5.96 ,6.60 ,2.40 ,Liverpool FC,2.15,1.22 ,0.69 ,0.04 ,0.31 ,0.69 ,0.31 ,6.85 ,4.31 ,2.00 ,2,1,1
219,Wolverhampton Wanderers FC,1.18 ,1.52 ,0.69 ,0.15 ,0.19 ,0.65 ,0.35 ,4.27 ,5.88 ,2.54 ,Manchester City FC,2.16,0.94 ,0.62 ,0.08 ,0.31 ,0.62 ,0.38 ,7.69 ,3.50 ,1.69 ,2,1,1
220,West Ham United FC,1.13 ,1.79 ,0.62 ,0.23 ,0.19 ,0.65 ,0.35 ,4.08 ,6.04 ,2.38 ,Sheffield United FC,0.82,1.85 ,0.54 ,0.42 ,0.04 ,0.65 ,0.35 ,3.42 ,7.31 ,2.96 ,2,0,1
221,Newcastle United FC,1.50 ,1.54 ,0.58 ,0.15 ,0.27 ,0.73 ,0.27 ,4.69 ,5.04 ,2.19 ,Burnley FC,0.91,1.66 ,0.54 ,0.38 ,0.08 ,0.62 ,0.38 ,4.88 ,6.42 ,0.02 ,2,0,1
222,Manchester United FC,1.53 ,1.61 ,0.50 ,0.27 ,0.27 ,0.65 ,0.35 ,6.46 ,6.69 ,2.46 ,Crystal Palace FC,1.14,1.40 ,0.62 ,0.23 ,0.23 ,0.58 ,0.42 ,4.77 ,4.85 ,1.92 ,0,1,2
223,Everton FC,1.45 ,1.44 ,0.38 ,0.38 ,0.31 ,0.46 ,0.54 ,4.62 ,6.23 ,2.12 ,Luton Town FC,1.13,1.77 ,0.76 ,0.16 ,0.08 ,0.72 ,0.28 ,5.60 ,5.72 ,1.92 ,1,2,2
224,AFC Bournemouth,1.43 ,1.55 ,0.60 ,0.24 ,0.20 ,0.68 ,0.32 ,6.00 ,5.72 ,1.96 ,Arsenal FC,1.87,0.90 ,0.50 ,0.12 ,0.38 ,0.65 ,0.35 ,7.58 ,2.69 ,1.58 ,0,4,2
225,Aston Villa FC,1.65 ,1.26 ,0.69 ,0.12 ,0.23 ,0.73 ,0.27 ,6.23 ,4.15 ,2.65 ,Brighton & Hove Albion FC,1.72,1.28 ,0.81 ,0.15 ,0.12 ,0.65 ,0.35 ,5.50 ,4.15 ,2.46 ,6,1,1
226,Nottingham Forest FC,0.96 ,1.52 ,0.65 ,0.23 ,0.15 ,0.58 ,0.42 ,3.73 ,6.46 ,2.31 ,Brentford FC,1.39,1.67 ,0.65 ,0.19 ,0.15 ,0.69 ,0.31 ,4.69 ,5.85 ,2.19 ,1,1,3
227,Fulham FC,1.38 ,1.56 ,0.46 ,0.38 ,0.23 ,0.62 ,0.38 ,5.85 ,4.88 ,2.46 ,Chelsea FC,1.5,1.47 ,0.64 ,0.20 ,0.20 ,0.60 ,0.40 ,5.04 ,5.16 ,3.28 ,0,2,2
228,Luton Town FC,1.13 ,1.77 ,0.76 ,0.16 ,0.08 ,0.72 ,0.28 ,5.60 ,5.72 ,1.92 ,Burnley FC,0.91,1.66 ,0.54 ,0.38 ,0.08 ,0.62 ,0.38 ,4.88 ,6.42 ,0.02 ,1,2,2
229,Crystal Palace FC,1.14 ,1.40 ,0.62 ,0.23 ,0.23 ,0.58 ,0.42 ,4.77 ,4.85 ,1.92 ,Nottingham Forest FC,0.96,1.52 ,0.65 ,0.23 ,0.15 ,0.58 ,0.42 ,3.73 ,6.46 ,2.31 ,0,0,3
230,Manchester United FC,1.53 ,1.61 ,0.50 ,0.27 ,0.27 ,0.65 ,0.35 ,6.46 ,6.69 ,2.46 ,Brentford FC,1.39,1.67 ,0.65 ,0.19 ,0.15 ,0.69 ,0.31 ,4.69 ,5.85 ,2.19 ,2,1,1
231,Fulham FC,1.38 ,1.56 ,0.46 ,0.38 ,0.23 ,0.62 ,0.38 ,5.85 ,4.88 ,2.46 ,Sheffield United FC,0.82,1.85 ,0.54 ,0.42 ,0.04 ,0.65 ,0.35 ,3.42 ,7.31 ,2.96 ,3,1,1
232,Everton FC,1.45 ,1.44 ,0.38 ,0.38 ,0.31 ,0.46 ,0.54 ,4.62 ,6.23 ,2.12 ,AFC Bournemouth,1.43,1.55 ,0.60 ,0.24 ,0.20 ,0.68 ,0.32 ,6.00 ,5.72 ,1.96 ,3,0,1
233,Burnley FC,0.91 ,1.66 ,0.54 ,0.38 ,0.08 ,0.62 ,0.38 ,4.88 ,6.42 ,0.02 ,Chelsea FC,1.5,1.47 ,0.64 ,0.20 ,0.20 ,0.60 ,0.40 ,5.04 ,5.16 ,3.28 ,1,4,2
234,Luton Town FC,1.13 ,1.77 ,0.76 ,0.16 ,0.08 ,0.72 ,0.28 ,5.60 ,5.72 ,1.92 ,Tottenham Hotspur FC,1.8,1.44 ,0.80 ,0.00 ,0.20 ,0.80 ,0.20 ,5.96 ,6.60 ,2.40 ,0,1,2
235,Arsenal FC,1.87 ,0.90 ,0.50 ,0.12 ,0.38 ,0.65 ,0.35 ,7.58 ,2.69 ,1.58 ,Manchester City FC,2.16,0.94 ,0.62 ,0.08 ,0.31 ,0.62 ,0.38 ,7.69 ,3.50 ,1.69 ,1,0,1
236,Wolverhampton Wanderers FC,1.18 ,1.52 ,0.69 ,0.15 ,0.19 ,0.65 ,0.35 ,4.27 ,5.88 ,2.54 ,Aston Villa FC,1.65,1.26 ,0.69 ,0.12 ,0.23 ,0.73 ,0.27 ,6.23 ,4.15 ,2.65 ,1,1,3
237,West Ham United FC,1.13 ,1.79 ,0.62 ,0.23 ,0.19 ,0.65 ,0.35 ,4.08 ,6.04 ,2.38 ,Newcastle United FC,1.5,1.54 ,0.58 ,0.15 ,0.27 ,0.73 ,0.27 ,4.69 ,5.04 ,2.19 ,2,2,3
238,Brighton & Hove Albion FC,1.72 ,1.28 ,0.81 ,0.15 ,0.12 ,0.65 ,0.35 ,5.50 ,4.15 ,2.46 ,Liverpool FC,2.15,1.22 ,0.69 ,0.04 ,0.31 ,0.69 ,0.31 ,6.85 ,4.31 ,2.00 ,2,2,3
239,Sheffield United FC,0.82 ,1.85 ,0.54 ,0.42 ,0.04 ,0.65 ,0.35 ,3.42 ,7.31 ,2.96 ,Manchester United FC,1.53,1.61 ,0.50 ,0.27 ,0.27 ,0.65 ,0.35 ,6.46 ,6.69 ,2.46 ,1,2,2
240,Chelsea FC,1.50 ,1.47 ,0.64 ,0.20 ,0.20 ,0.60 ,0.40 ,5.04 ,5.16 ,3.28 ,Arsenal FC,1.87,0.90 ,0.50 ,0.12 ,0.38 ,0.65 ,0.35 ,7.58 ,2.69 ,1.58 ,2,2,3
241,Nottingham Forest FC,0.96 ,1.52 ,0.65 ,0.23 ,0.15 ,0.58 ,0.42 ,3.73 ,6.46 ,2.31 ,Luton Town FC,1.13,1.77 ,0.76 ,0.16 ,0.08 ,0.72 ,0.28 ,5.60 ,5.72 ,1.92 ,2,2,3
242,Newcastle United FC,1.50 ,1.54 ,0.58 ,0.15 ,0.27 ,0.73 ,0.27 ,4.69 ,5.04 ,2.19 ,Crystal Palace FC,1.14,1.40 ,0.62 ,0.23 ,0.23 ,0.58 ,0.42 ,4.77 ,4.85 ,1.92 ,4,0,1
243,Manchester City FC,2.16 ,0.94 ,0.62 ,0.08 ,0.31 ,0.62 ,0.38 ,7.69 ,3.50 ,1.69 ,Brighton & Hove Albion FC,1.72,1.28 ,0.81 ,0.15 ,0.12 ,0.65 ,0.35 ,5.50 ,4.15 ,2.46 ,2,1,1
244,Brentford FC,1.39 ,1.67 ,0.65 ,0.19 ,0.15 ,0.69 ,0.31 ,4.69 ,5.85 ,2.19 ,Burnley FC,0.91,1.66 ,0.54 ,0.38 ,0.08 ,0.62 ,0.38 ,4.88 ,6.42 ,0.02 ,3,0,1
245,AFC Bournemouth,1.43 ,1.55 ,0.60 ,0.24 ,0.20 ,0.68 ,0.32 ,6.00 ,5.72 ,1.96 ,Wolverhampton Wanderers FC,1.18,1.52 ,0.69 ,0.15 ,0.19 ,0.65 ,0.35 ,4.27 ,5.88 ,2.54 ,1,2,2
246,Liverpool FC,2.15 ,1.22 ,0.69 ,0.04 ,0.31 ,0.69 ,0.31 ,6.85 ,4.31 ,2.00 ,Everton FC,1.45,1.44 ,0.38 ,0.38 ,0.31 ,0.46 ,0.54 ,4.62 ,6.23 ,2.12 ,2,0,1
247,Aston Villa FC,1.65 ,1.26 ,0.69 ,0.12 ,0.23 ,0.73 ,0.27 ,6.23 ,4.15 ,2.65 ,West Ham United FC,1.13,1.79 ,0.62 ,0.23 ,0.19 ,0.65 ,0.35 ,4.08 ,6.04 ,2.38 ,4,1,1
248,Tottenham Hotspur FC,1.80 ,1.44 ,0.80 ,0.00 ,0.20 ,0.80 ,0.20 ,5.96 ,6.60 ,2.40 ,Fulham FC,1.38,1.56 ,0.46 ,0.38 ,0.23 ,0.62 ,0.38 ,5.85 ,4.88 ,2.46 ,2,0,1
249,Crystal Palace FC,1.14 ,1.40 ,0.62 ,0.23 ,0.23 ,0.58 ,0.42 ,4.77 ,4.85 ,1.92 ,Tottenham Hotspur FC,1.8,1.44 ,0.80 ,0.00 ,0.20 ,0.80 ,0.20 ,5.96 ,6.60 ,2.40 ,1,2,2
250,Wolverhampton Wanderers FC,1.18 ,1.52 ,0.69 ,0.15 ,0.19 ,0.65 ,0.35 ,4.27 ,5.88 ,2.54 ,Newcastle United FC,1.5,1.54 ,0.58 ,0.15 ,0.27 ,0.73 ,0.27 ,4.69 ,5.04 ,2.19 ,2,2,3
251,AFC Bournemouth,1.43 ,1.55 ,0.60 ,0.24 ,0.20 ,0.68 ,0.32 ,6.00 ,5.72 ,1.96 ,Burnley FC,0.91,1.66 ,0.54 ,0.38 ,0.08 ,0.62 ,0.38 ,4.88 ,6.42 ,0.02 ,2,1,1
252,Arsenal FC,1.87 ,0.90 ,0.50 ,0.12 ,0.38 ,0.65 ,0.35 ,7.58 ,2.69 ,1.58 ,Sheffield United FC,0.82,1.85 ,0.54 ,0.42 ,0.04 ,0.65 ,0.35 ,3.42 ,7.31 ,2.96 ,5,0,1
253,Chelsea FC,1.50 ,1.47 ,0.64 ,0.20 ,0.20 ,0.60 ,0.40 ,5.04 ,5.16 ,3.28 ,Brentford FC,1.39,1.67 ,0.65 ,0.19 ,0.15 ,0.69 ,0.31 ,4.69 ,5.85 ,2.19 ,0,2,2
254,Manchester United FC,1.53 ,1.61 ,0.50 ,0.27 ,0.27 ,0.65 ,0.35 ,6.46 ,6.69 ,2.46 ,Manchester City FC,2.16,0.94 ,0.62 ,0.08 ,0.31 ,0.62 ,0.38 ,7.69 ,3.50 ,1.69 ,0,3,2
255,Liverpool FC,2.15 ,1.22 ,0.69 ,0.04 ,0.31 ,0.69 ,0.31 ,6.85 ,4.31 ,2.00 ,Nottingham Forest FC,0.96,1.52 ,0.65 ,0.23 ,0.15 ,0.58 ,0.42 ,3.73 ,6.46 ,2.31 ,3,0,1
256,Brighton & Hove Albion FC,1.72 ,1.28 ,0.81 ,0.15 ,0.12 ,0.65 ,0.35 ,5.50 ,4.15 ,2.46 ,Fulham FC,1.38,1.56 ,0.46 ,0.38 ,0.23 ,0.62 ,0.38 ,5.85 ,4.88 ,2.46 ,1,1,3
257,Aston Villa FC,1.65 ,1.26 ,0.69 ,0.12 ,0.23 ,0.73 ,0.27 ,6.23 ,4.15 ,2.65 ,Luton Town FC,1.13,1.77 ,0.76 ,0.16 ,0.08 ,0.72 ,0.28 ,5.60 ,5.72 ,1.92 ,3,1,1
258,West Ham United FC,1.13 ,1.79 ,0.62 ,0.23 ,0.19 ,0.65 ,0.35 ,4.08 ,6.04 ,2.38 ,Everton FC,1.45,1.44 ,0.38 ,0.38 ,0.31 ,0.46 ,0.54 ,4.62 ,6.23 ,2.12 ,0,1,1
259,Newcastle United FC,1.50 ,1.54 ,0.58 ,0.15 ,0.27 ,0.73 ,0.27 ,4.69 ,5.04 ,2.19 ,Arsenal FC,1.87,0.90 ,0.50 ,0.12 ,0.38 ,0.65 ,0.35 ,7.58 ,2.69 ,1.58 ,1,0,1
260,Sheffield United FC,0.82 ,1.85 ,0.54 ,0.42 ,0.04 ,0.65 ,0.35 ,3.42 ,7.31 ,2.96 ,Wolverhampton Wanderers FC,1.18,1.52 ,0.69 ,0.15 ,0.19 ,0.65 ,0.35 ,4.27 ,5.88 ,2.54 ,2,1,1
261,Manchester City FC,2.16 ,0.94 ,0.62 ,0.08 ,0.31 ,0.62 ,0.38 ,7.69 ,3.50 ,1.69 ,AFC Bournemouth,1.43,1.55 ,0.60 ,0.24 ,0.20 ,0.68 ,0.32 ,6.00 ,5.72 ,1.96 ,6,1,1
262,Everton FC,1.45 ,1.44 ,0.38 ,0.38 ,0.31 ,0.46 ,0.54 ,4.62 ,6.23 ,2.12 ,Brighton & Hove Albion FC,1.72,1.28 ,0.81 ,0.15 ,0.12 ,0.65 ,0.35 ,5.50 ,4.15 ,2.46 ,1,1,3
263,Brentford FC,1.39 ,1.67 ,0.65 ,0.19 ,0.15 ,0.69 ,0.31 ,4.69 ,5.85 ,2.19 ,West Ham United FC,1.13,1.79 ,0.62 ,0.23 ,0.19 ,0.65 ,0.35 ,4.08 ,6.04 ,2.38 ,3,2,1
264,Burnley FC,0.91 ,1.66 ,0.54 ,0.38 ,0.08 ,0.62 ,0.38 ,4.88 ,6.42 ,0.02 ,Crystal Palace FC,1.14,1.40 ,0.62 ,0.23 ,0.23 ,0.58 ,0.42 ,4.77 ,4.85 ,1.92 ,0,2,2
265,Fulham FC,1.38 ,1.56 ,0.46 ,0.38 ,0.23 ,0.62 ,0.38 ,5.85 ,4.88 ,2.46 ,Manchester United FC,1.53,1.61 ,0.50 ,0.27 ,0.27 ,0.65 ,0.35 ,6.46 ,6.69 ,2.46 ,0,1,2
266,Luton Town FC,1.13 ,1.77 ,0.76 ,0.16 ,0.08 ,0.72 ,0.28 ,5.60 ,5.72 ,1.92 ,Liverpool FC,2.15,1.22 ,0.69 ,0.04 ,0.31 ,0.69 ,0.31 ,6.85 ,4.31 ,2.00 ,1,1,3
267,Nottingham Forest FC,0.96 ,1.52 ,0.65 ,0.23 ,0.15 ,0.58 ,0.42 ,3.73 ,6.46 ,2.31 ,Aston Villa FC,1.65,1.26 ,0.69 ,0.12 ,0.23 ,0.73 ,0.27 ,6.23 ,4.15 ,2.65 ,2,0,1
268,Tottenham Hotspur FC,1.80 ,1.44 ,0.80 ,0.00 ,0.20 ,0.80 ,0.20 ,5.96 ,6.60 ,2.40 ,Chelsea FC,1.5,1.47 ,0.64 ,0.20 ,0.20 ,0.60 ,0.40 ,5.04 ,5.16 ,3.28 ,1,4,2
269,AFC Bournemouth,1.43 ,1.55 ,0.60 ,0.24 ,0.20 ,0.68 ,0.32 ,6.00 ,5.72 ,1.96 ,Newcastle United FC,1.5,1.54 ,0.58 ,0.15 ,0.27 ,0.73 ,0.27 ,4.69 ,5.04 ,2.19 ,2,0,1
270,Manchester United FC,1.53 ,1.61 ,0.50 ,0.27 ,0.27 ,0.65 ,0.35 ,6.46 ,6.69 ,2.46 ,Luton Town FC,1.13,1.77 ,0.76 ,0.16 ,0.08 ,0.72 ,0.28 ,5.60 ,5.72 ,1.92 ,1,0,1
271,Crystal Palace FC,1.14 ,1.40 ,0.62 ,0.23 ,0.23 ,0.58 ,0.42 ,4.77 ,4.85 ,1.92 ,Everton FC,1.45,1.44 ,0.38 ,0.38 ,0.31 ,0.46 ,0.54 ,4.62 ,6.23 ,2.12 ,2,3,2
272,Arsenal FC,1.87 ,0.90 ,0.50 ,0.12 ,0.38 ,0.65 ,0.35 ,7.58 ,2.69 ,1.58 ,Burnley FC,0.91,1.66 ,0.54 ,0.38 ,0.08 ,0.62 ,0.38 ,4.88 ,6.42 ,0.02 ,3,1,1
273,Wolverhampton Wanderers FC,1.18 ,1.52 ,0.69 ,0.15 ,0.19 ,0.65 ,0.35 ,4.27 ,5.88 ,2.54 ,Tottenham Hotspur FC,1.8,1.44 ,0.80 ,0.00 ,0.20 ,0.80 ,0.20 ,5.96 ,6.60 ,2.40 ,2,1,1
274,Chelsea FC,1.50 ,1.47 ,0.64 ,0.20 ,0.20 ,0.60 ,0.40 ,5.04 ,5.16 ,3.28 ,Manchester City FC,2.16,0.94 ,0.62 ,0.08 ,0.31 ,0.62 ,0.38 ,7.69 ,3.50 ,1.69 ,4,4,3
275,West Ham United FC,1.13 ,1.79 ,0.62 ,0.23 ,0.19 ,0.65 ,0.35 ,4.08 ,6.04 ,2.38 ,Nottingham Forest FC,0.96,1.52 ,0.65 ,0.23 ,0.15 ,0.58 ,0.42 ,3.73 ,6.46 ,2.31 ,3,2,1
276,Liverpool FC,2.15 ,1.22 ,0.69 ,0.04 ,0.31 ,0.69 ,0.31 ,6.85 ,4.31 ,2.00 ,Brentford FC,1.39,1.67 ,0.65 ,0.19 ,0.15 ,0.69 ,0.31 ,4.69 ,5.85 ,2.19 ,3,0,1
277,Brighton & Hove Albion FC,1.72 ,1.28 ,0.81 ,0.15 ,0.12 ,0.65 ,0.35 ,5.50 ,4.15 ,2.46 ,Sheffield United FC,0.82,1.85 ,0.54 ,0.42 ,0.04 ,0.65 ,0.35 ,3.42 ,7.31 ,2.96 ,1,1,3
278,Aston Villa FC,1.65 ,1.26 ,0.69 ,0.12 ,0.23 ,0.73 ,0.27 ,6.23 ,4.15 ,2.65 ,Fulham FC,1.38,1.56 ,0.46 ,0.38 ,0.23 ,0.62 ,0.38 ,5.85 ,4.88 ,2.46 ,3,1,1
279,Brentford FC,1.39 ,1.67 ,0.65 ,0.19 ,0.15 ,0.69 ,0.31 ,4.69 ,5.85 ,2.19 ,Arsenal FC,1.87,0.90 ,0.50 ,0.12 ,0.38 ,0.65 ,0.35 ,7.58 ,2.69 ,1.58 ,0,1,2
280,Sheffield United FC,0.82 ,1.85 ,0.54 ,0.42 ,0.04 ,0.65 ,0.35 ,3.42 ,7.31 ,2.96 ,AFC Bournemouth,1.43,1.55 ,0.60 ,0.24 ,0.20 ,0.68 ,0.32 ,6.00 ,5.72 ,1.96 ,1,3,2
281,Nottingham Forest FC,0.96 ,1.52 ,0.65 ,0.23 ,0.15 ,0.58 ,0.42 ,3.73 ,6.46 ,2.31 ,Brighton & Hove Albion FC,1.72,1.28 ,0.81 ,0.15 ,0.12 ,0.65 ,0.35 ,5.50 ,4.15 ,2.46 ,2,3,2
282,Newcastle United FC,1.50 ,1.54 ,0.58 ,0.15 ,0.27 ,0.73 ,0.27 ,4.69 ,5.04 ,2.19 ,Chelsea FC,1.5,1.47 ,0.64 ,0.20 ,0.20 ,0.60 ,0.40 ,5.04 ,5.16 ,3.28 ,4,1,1
283,Luton Town FC,1.13 ,1.77 ,0.76 ,0.16 ,0.08 ,0.72 ,0.28 ,5.60 ,5.72 ,1.92 ,Crystal Palace FC,1.14,1.40 ,0.62 ,0.23 ,0.23 ,0.58 ,0.42 ,4.77 ,4.85 ,1.92 ,2,1,1
284,Burnley FC,0.91 ,1.66 ,0.54 ,0.38 ,0.08 ,0.62 ,0.38 ,4.88 ,6.42 ,0.02 ,West Ham United FC,1.13,1.79 ,0.62 ,0.23 ,0.19 ,0.65 ,0.35 ,4.08 ,6.04 ,2.38 ,1,2,2
285,Manchester City FC,2.16 ,0.94 ,0.62 ,0.08 ,0.31 ,0.62 ,0.38 ,7.69 ,3.50 ,1.69 ,Liverpool FC,2.15,1.22 ,0.69 ,0.04 ,0.31 ,0.69 ,0.31 ,6.85 ,4.31 ,2.00 ,1,1,3
286,Everton FC,1.45 ,1.44 ,0.38 ,0.38 ,0.31 ,0.46 ,0.54 ,4.62 ,6.23 ,2.12 ,Manchester United FC,1.53,1.61 ,0.50 ,0.27 ,0.27 ,0.65 ,0.35 ,6.46 ,6.69 ,2.46 ,0,3,2
287,Tottenham Hotspur FC,1.80 ,1.44 ,0.80 ,0.00 ,0.20 ,0.80 ,0.20 ,5.96 ,6.60 ,2.40 ,Aston Villa FC,1.65,1.26 ,0.69 ,0.12 ,0.23 ,0.73 ,0.27 ,6.23 ,4.15 ,2.65 ,1,2,2
288,Fulham FC,1.38 ,1.56 ,0.46 ,0.38 ,0.23 ,0.62 ,0.38 ,5.85 ,4.88 ,2.46 ,Wolverhampton Wanderers FC,1.18,1.52 ,0.69 ,0.15 ,0.19 ,0.65 ,0.35 ,4.27 ,5.88 ,2.54 ,3,2,1
289,Newcastle United FC,1.50 ,1.54 ,0.58 ,0.15 ,0.27 ,0.73 ,0.27 ,4.69 ,5.04 ,2.19 ,Manchester United FC,1.53,1.61 ,0.50 ,0.27 ,0.27 ,0.65 ,0.35 ,6.46 ,6.69 ,2.46 ,1,0,1
290,Nottingham Forest FC,0.96 ,1.52 ,0.65 ,0.23 ,0.15 ,0.58 ,0.42 ,3.73 ,6.46 ,2.31 ,Everton FC,1.45,1.44 ,0.38 ,0.38 ,0.31 ,0.46 ,0.54 ,4.62 ,6.23 ,2.12 ,0,1,2
291,Burnley FC,0.91 ,1.66 ,0.54 ,0.38 ,0.08 ,0.62 ,0.38 ,4.88 ,6.42 ,0.02 ,Sheffield United FC,0.82,1.85 ,0.54 ,0.42 ,0.04 ,0.65 ,0.35 ,3.42 ,7.31 ,2.96 ,5,0,1
292,Brentford FC,1.39 ,1.67 ,0.65 ,0.19 ,0.15 ,0.69 ,0.31 ,4.69 ,5.85 ,2.19 ,Luton Town FC,1.13,1.77 ,0.76 ,0.16 ,0.08 ,0.72 ,0.28 ,5.60 ,5.72 ,1.92 ,3,1,1
293,Arsenal FC,1.87 ,0.90 ,0.50 ,0.12 ,0.38 ,0.65 ,0.35 ,7.58 ,2.69 ,1.58 ,Wolverhampton Wanderers FC,1.18,1.52 ,0.69 ,0.15 ,0.19 ,0.65 ,0.35 ,4.27 ,5.88 ,2.54 ,2,1,1
294,Manchester City FC,2.16 ,0.94 ,0.62 ,0.08 ,0.31 ,0.62 ,0.38 ,7.69 ,3.50 ,1.69 ,Tottenham Hotspur FC,1.8,1.44 ,0.80 ,0.00 ,0.20 ,0.80 ,0.20 ,5.96 ,6.60 ,2.40 ,3,3,3
295,West Ham United FC,1.13 ,1.79 ,0.62 ,0.23 ,0.19 ,0.65 ,0.35 ,4.08 ,6.04 ,2.38 ,Crystal Palace FC,1.14,1.40 ,0.62 ,0.23 ,0.23 ,0.58 ,0.42 ,4.77 ,4.85 ,1.92 ,1,1,3
296,Liverpool FC,2.15 ,1.22 ,0.69 ,0.04 ,0.31 ,0.69 ,0.31 ,6.85 ,4.31 ,2.00 ,Fulham FC,1.38,1.56 ,0.46 ,0.38 ,0.23 ,0.62 ,0.38 ,5.85 ,4.88 ,2.46 ,4,3,1
297,Chelsea FC,1.50 ,1.47 ,0.64 ,0.20 ,0.20 ,0.60 ,0.40 ,5.04 ,5.16 ,3.28 ,Brighton & Hove Albion FC,1.72,1.28 ,0.81 ,0.15 ,0.12 ,0.65 ,0.35 ,5.50 ,4.15 ,2.46 ,3,2,1
298,AFC Bournemouth,1.43 ,1.55 ,0.60 ,0.24 ,0.20 ,0.68 ,0.32 ,6.00 ,5.72 ,1.96 ,Aston Villa FC,1.65,1.26 ,0.69 ,0.12 ,0.23 ,0.73 ,0.27 ,6.23 ,4.15 ,2.65 ,2,2,3
299,Luton Town FC,1.13 ,1.77 ,0.76 ,0.16 ,0.08 ,0.72 ,0.28 ,5.60 ,5.72 ,1.92 ,Arsenal FC,1.87,0.90 ,0.50 ,0.12 ,0.38 ,0.65 ,0.35 ,7.58 ,2.69 ,1.58 ,3,4,2
300,Wolverhampton Wanderers FC,1.18 ,1.52 ,0.69 ,0.15 ,0.19 ,0.65 ,0.35 ,4.27 ,5.88 ,2.54 ,Burnley FC,0.91,1.66 ,0.54 ,0.38 ,0.08 ,0.62 ,0.38 ,4.88 ,6.42 ,0.02 ,1,0,1
301,Manchester United FC,1.53 ,1.61 ,0.50 ,0.27 ,0.27 ,0.65 ,0.35 ,6.46 ,6.69 ,2.46 ,Chelsea FC,1.5,1.47 ,0.64 ,0.20 ,0.20 ,0.60 ,0.40 ,5.04 ,5.16 ,3.28 ,2,1,1
302,Aston Villa FC,1.65 ,1.26 ,0.69 ,0.12 ,0.23 ,0.73 ,0.27 ,6.23 ,4.15 ,2.65 ,Manchester City FC,2.16,0.94 ,0.62 ,0.08 ,0.31 ,0.62 ,0.38 ,7.69 ,3.50 ,1.69 ,1,0,1
303,Sheffield United FC,0.82 ,1.85 ,0.54 ,0.42 ,0.04 ,0.65 ,0.35 ,3.42 ,7.31 ,2.96 ,Liverpool FC,2.15,1.22 ,0.69 ,0.04 ,0.31 ,0.69 ,0.31 ,6.85 ,4.31 ,2.00 ,0,2,2
304,Fulham FC,1.38 ,1.56 ,0.46 ,0.38 ,0.23 ,0.62 ,0.38 ,5.85 ,4.88 ,2.46 ,Nottingham Forest FC,0.96,1.52 ,0.65 ,0.23 ,0.15 ,0.58 ,0.42 ,3.73 ,6.46 ,2.31 ,5,0,1
305,Crystal Palace FC,1.14 ,1.40 ,0.62 ,0.23 ,0.23 ,0.58 ,0.42 ,4.77 ,4.85 ,1.92 ,AFC Bournemouth,1.43,1.55 ,0.60 ,0.24 ,0.20 ,0.68 ,0.32 ,6.00 ,5.72 ,1.96 ,0,2,2
306,Brighton & Hove Albion FC,1.72 ,1.28 ,0.81 ,0.15 ,0.12 ,0.65 ,0.35 ,5.50 ,4.15 ,2.46 ,Brentford FC,1.39,1.67 ,0.65 ,0.19 ,0.15 ,0.69 ,0.31 ,4.69 ,5.85 ,2.19 ,2,1,1
307,Tottenham Hotspur FC,1.80 ,1.44 ,0.80 ,0.00 ,0.20 ,0.80 ,0.20 ,5.96 ,6.60 ,2.40 ,West Ham United FC,1.13,1.79 ,0.62 ,0.23 ,0.19 ,0.65 ,0.35 ,4.08 ,6.04 ,2.38 ,1,2,2
308,Everton FC,1.45 ,1.44 ,0.38 ,0.38 ,0.31 ,0.46 ,0.54 ,4.62 ,6.23 ,2.12 ,Newcastle United FC,1.5,1.54 ,0.58 ,0.15 ,0.27 ,0.73 ,0.27 ,4.69 ,5.04 ,2.19 ,3,0,1
309,Aston Villa FC,1.65 ,1.26 ,0.69 ,0.12 ,0.23 ,0.73 ,0.27 ,6.23 ,4.15 ,2.65 ,Arsenal FC,1.87,0.90 ,0.50 ,0.12 ,0.38 ,0.65 ,0.35 ,7.58 ,2.69 ,1.58 ,1,0,1
310,Wolverhampton Wanderers FC,1.18 ,1.52 ,0.69 ,0.15 ,0.19 ,0.65 ,0.35 ,4.27 ,5.88 ,2.54 ,Nottingham Forest FC,0.96,1.52 ,0.65 ,0.23 ,0.15 ,0.58 ,0.42 ,3.73 ,6.46 ,2.31 ,1,1,3
311,Sheffield United FC,0.82 ,1.85 ,0.54 ,0.42 ,0.04 ,0.65 ,0.35 ,3.42 ,7.31 ,2.96 ,Brentford FC,1.39,1.67 ,0.65 ,0.19 ,0.15 ,0.69 ,0.31 ,4.69 ,5.85 ,2.19 ,1,0,1
312,Manchester United FC,1.53 ,1.61 ,0.50 ,0.27 ,0.27 ,0.65 ,0.35 ,6.46 ,6.69 ,2.46 ,AFC Bournemouth,1.43,1.55 ,0.60 ,0.24 ,0.20 ,0.68 ,0.32 ,6.00 ,5.72 ,1.96 ,0,3,2
313,Brighton & Hove Albion FC,1.72 ,1.28 ,0.81 ,0.15 ,0.12 ,0.65 ,0.35 ,5.50 ,4.15 ,2.46 ,Burnley FC,0.91,1.66 ,0.54 ,0.38 ,0.08 ,0.62 ,0.38 ,4.88 ,6.42 ,0.02 ,1,1,3
314,Crystal Palace FC,1.14 ,1.40 ,0.62 ,0.23 ,0.23 ,0.58 ,0.42 ,4.77 ,4.85 ,1.92 ,Liverpool FC,2.15,1.22 ,0.69 ,0.04 ,0.31 ,0.69 ,0.31 ,6.85 ,4.31 ,2.00 ,1,2,2
315,Tottenham Hotspur FC,1.80 ,1.44 ,0.80 ,0.00 ,0.20 ,0.80 ,0.20 ,5.96 ,6.60 ,2.40 ,Newcastle United FC,1.5,1.54 ,0.58 ,0.15 ,0.27 ,0.73 ,0.27 ,4.69 ,5.04 ,2.19 ,4,1,1
316,Luton Town FC,1.13 ,1.77 ,0.76 ,0.16 ,0.08 ,0.72 ,0.28 ,5.60 ,5.72 ,1.92 ,Manchester City FC,2.16,0.94 ,0.62 ,0.08 ,0.31 ,0.62 ,0.38 ,7.69 ,3.50 ,1.69 ,1,2,2
317,Fulham FC,1.38 ,1.56 ,0.46 ,0.38 ,0.23 ,0.62 ,0.38 ,5.85 ,4.88 ,2.46 ,West Ham United FC,1.13,1.79 ,0.62 ,0.23 ,0.19 ,0.65 ,0.35 ,4.08 ,6.04 ,2.38 ,5,0,1
318,Everton FC,1.45 ,1.44 ,0.38 ,0.38 ,0.31 ,0.46 ,0.54 ,4.62 ,6.23 ,2.12 ,Chelsea FC,1.5,1.47 ,0.64 ,0.20 ,0.20 ,0.60 ,0.40 ,5.04 ,5.16 ,3.28 ,2,0,1
319,Nottingham Forest FC,0.96 ,1.52 ,0.65 ,0.23 ,0.15 ,0.58 ,0.42 ,3.73 ,6.46 ,2.31 ,Tottenham Hotspur FC,1.8,1.44 ,0.80 ,0.00 ,0.20 ,0.80 ,0.20 ,5.96 ,6.60 ,2.40 ,0,2,2
320,Burnley FC,0.91 ,1.66 ,0.54 ,0.38 ,0.08 ,0.62 ,0.38 ,4.88 ,6.42 ,0.02 ,Everton FC,1.45,1.44 ,0.38 ,0.38 ,0.31 ,0.46 ,0.54 ,4.62 ,6.23 ,2.12 ,0,2,2
321,Newcastle United FC,1.50 ,1.54 ,0.58 ,0.15 ,0.27 ,0.73 ,0.27 ,4.69 ,5.04 ,2.19 ,Fulham FC,1.38,1.56 ,0.46 ,0.38 ,0.23 ,0.62 ,0.38 ,5.85 ,4.88 ,2.46 ,3,0,1
322,Manchester City FC,2.16 ,0.94 ,0.62 ,0.08 ,0.31 ,0.62 ,0.38 ,7.69 ,3.50 ,1.69 ,Crystal Palace FC,1.14,1.40 ,0.62 ,0.23 ,0.23 ,0.58 ,0.42 ,4.77 ,4.85 ,1.92 ,2,2,3
323,Chelsea FC,1.50 ,1.47 ,0.64 ,0.20 ,0.20 ,0.60 ,0.40 ,5.04 ,5.16 ,3.28 ,Sheffield United FC,0.82,1.85 ,0.54 ,0.42 ,0.04 ,0.65 ,0.35 ,3.42 ,7.31 ,2.96 ,2,0,1
324,Liverpool FC,2.15 ,1.22 ,0.69 ,0.04 ,0.31 ,0.69 ,0.31 ,6.85 ,4.31 ,2.00 ,Manchester United FC,1.53,1.61 ,0.50 ,0.27 ,0.27 ,0.65 ,0.35 ,6.46 ,6.69 ,2.46 ,0,0,3
325,West Ham United FC,1.13 ,1.79 ,0.62 ,0.23 ,0.19 ,0.65 ,0.35 ,4.08 ,6.04 ,2.38 ,Wolverhampton Wanderers FC,1.18,1.52 ,0.69 ,0.15 ,0.19 ,0.65 ,0.35 ,4.27 ,5.88 ,2.54 ,3,0,1
326,Brentford FC,1.39 ,1.67 ,0.65 ,0.19 ,0.15 ,0.69 ,0.31 ,4.69 ,5.85 ,2.19 ,Aston Villa FC,1.65,1.26 ,0.69 ,0.12 ,0.23 ,0.73 ,0.27 ,6.23 ,4.15 ,2.65 ,1,2,2
327,Arsenal FC,1.87 ,0.90 ,0.50 ,0.12 ,0.38 ,0.65 ,0.35 ,7.58 ,2.69 ,1.58 ,Brighton & Hove Albion FC,1.72,1.28 ,0.81 ,0.15 ,0.12 ,0.65 ,0.35 ,5.50 ,4.15 ,2.46 ,2,0,1
328,Crystal Palace FC,1.14 ,1.40 ,0.62 ,0.23 ,0.23 ,0.58 ,0.42 ,4.77 ,4.85 ,1.92 ,Brighton & Hove Albion FC,1.72,1.28 ,0.81 ,0.15 ,0.12 ,0.65 ,0.35 ,5.50 ,4.15 ,2.46 ,1,1,3
329,Aston Villa FC,1.65 ,1.26 ,0.69 ,0.12 ,0.23 ,0.73 ,0.27 ,6.23 ,4.15 ,2.65 ,Sheffield United FC,0.82,1.85 ,0.54 ,0.42 ,0.04 ,0.65 ,0.35 ,3.42 ,7.31 ,2.96 ,1,1,3
330,Liverpool FC,2.15 ,1.22 ,0.69 ,0.04 ,0.31 ,0.69 ,0.31 ,6.85 ,4.31 ,2.00 ,Arsenal FC,1.87,0.90 ,0.50 ,0.12 ,0.38 ,0.65 ,0.35 ,7.58 ,2.69 ,1.58 ,1,1,3
331,Tottenham Hotspur FC,1.80 ,1.44 ,0.80 ,0.00 ,0.20 ,0.80 ,0.20 ,5.96 ,6.60 ,2.40 ,Everton FC,1.45,1.44 ,0.38 ,0.38 ,0.31 ,0.46 ,0.54 ,4.62 ,6.23 ,2.12 ,2,1,1
332,Nottingham Forest FC,0.96 ,1.52 ,0.65 ,0.23 ,0.15 ,0.58 ,0.42 ,3.73 ,6.46 ,2.31 ,AFC Bournemouth,1.43,1.55 ,0.60 ,0.24 ,0.20 ,0.68 ,0.32 ,6.00 ,5.72 ,1.96 ,2,3,2
333,Luton Town FC,1.13 ,1.77 ,0.76 ,0.16 ,0.08 ,0.72 ,0.28 ,5.60 ,5.72 ,1.92 ,Newcastle United FC,1.5,1.54 ,0.58 ,0.15 ,0.27 ,0.73 ,0.27 ,4.69 ,5.04 ,2.19 ,1,0,1
334,Fulham FC,1.38 ,1.56 ,0.46 ,0.38 ,0.23 ,0.62 ,0.38 ,5.85 ,4.88 ,2.46 ,Burnley FC,0.91,1.66 ,0.54 ,0.38 ,0.08 ,0.62 ,0.38 ,4.88 ,6.42 ,0.02 ,0,2,2
335,West Ham United FC,1.13 ,1.79 ,0.62 ,0.23 ,0.19 ,0.65 ,0.35 ,4.08 ,6.04 ,2.38 ,Manchester United FC,1.53,1.61 ,0.50 ,0.27 ,0.27 ,0.65 ,0.35 ,6.46 ,6.69 ,2.46 ,2,0,1
336,Wolverhampton Wanderers FC,1.18 ,1.52 ,0.69 ,0.15 ,0.19 ,0.65 ,0.35 ,4.27 ,5.88 ,2.54 ,Chelsea FC,1.5,1.47 ,0.64 ,0.20 ,0.20 ,0.60 ,0.40 ,5.04 ,5.16 ,3.28 ,2,1,1
337,Manchester United FC,1.53 ,1.61 ,0.50 ,0.27 ,0.27 ,0.65 ,0.35 ,6.46 ,6.69 ,2.46 ,Aston Villa FC,1.65,1.26 ,0.69 ,0.12 ,0.23 ,0.73 ,0.27 ,6.23 ,4.15 ,2.65 ,3,2,1
338,Burnley FC,0.91 ,1.66 ,0.54 ,0.38 ,0.08 ,0.62 ,0.38 ,4.88 ,6.42 ,0.02 ,Liverpool FC,2.15,1.22 ,0.69 ,0.04 ,0.31 ,0.69 ,0.31 ,6.85 ,4.31 ,2.00 ,0,2,2
339,Sheffield United FC,0.82 ,1.85 ,0.54 ,0.42 ,0.04 ,0.65 ,0.35 ,3.42 ,7.31 ,2.96 ,Luton Town FC,1.13,1.77 ,0.76 ,0.16 ,0.08 ,0.72 ,0.28 ,5.60 ,5.72 ,1.92 ,2,3,2
340,AFC Bournemouth,1.43 ,1.55 ,0.60 ,0.24 ,0.20 ,0.68 ,0.32 ,6.00 ,5.72 ,1.96 ,Fulham FC,1.38,1.56 ,0.46 ,0.38 ,0.23 ,0.62 ,0.38 ,5.85 ,4.88 ,2.46 ,3,0,1
341,Newcastle United FC,1.50 ,1.54 ,0.58 ,0.15 ,0.27 ,0.73 ,0.27 ,4.69 ,5.04 ,2.19 ,Nottingham Forest FC,0.96,1.52 ,0.65 ,0.23 ,0.15 ,0.58 ,0.42 ,3.73 ,6.46 ,2.31 ,1,3,2
342,Everton FC,1.45 ,1.44 ,0.38 ,0.38 ,0.31 ,0.46 ,0.54 ,4.62 ,6.23 ,2.12 ,Manchester City FC,2.16,0.94 ,0.62 ,0.08 ,0.31 ,0.62 ,0.38 ,7.69 ,3.50 ,1.69 ,1,3,2
343,Chelsea FC,1.50 ,1.47 ,0.64 ,0.20 ,0.20 ,0.60 ,0.40 ,5.04 ,5.16 ,3.28 ,Crystal Palace FC,1.14,1.40 ,0.62 ,0.23 ,0.23 ,0.58 ,0.42 ,4.77 ,4.85 ,1.92 ,2,1,1
344,Brentford FC,1.39 ,1.67 ,0.65 ,0.19 ,0.15 ,0.69 ,0.31 ,4.69 ,5.85 ,2.19 ,Wolverhampton Wanderers FC,1.18,1.52 ,0.69 ,0.15 ,0.19 ,0.65 ,0.35 ,4.27 ,5.88 ,2.54 ,1,4,2
345,Arsenal FC,1.87 ,0.90 ,0.50 ,0.12 ,0.38 ,0.65 ,0.35 ,7.58 ,2.69 ,1.58 ,West Ham United FC,1.13,1.79 ,0.62 ,0.23 ,0.19 ,0.65 ,0.35 ,4.08 ,6.04 ,2.38 ,0,2,2
346,Brighton & Hove Albion FC,1.72 ,1.28 ,0.81 ,0.15 ,0.12 ,0.65 ,0.35 ,5.50 ,4.15 ,2.46 ,Tottenham Hotspur FC,1.8,1.44 ,0.80 ,0.00 ,0.20 ,0.80 ,0.20 ,5.96 ,6.60 ,2.40 ,4,2,1
347,Nottingham Forest FC,0.96 ,1.52 ,0.65 ,0.23 ,0.15 ,0.58 ,0.42 ,3.73 ,6.46 ,2.31 ,Manchester United FC,1.53,1.61 ,0.50 ,0.27 ,0.27 ,0.65 ,0.35 ,6.46 ,6.69 ,2.46 ,2,1,1
348,Wolverhampton Wanderers FC,1.18 ,1.52 ,0.69 ,0.15 ,0.19 ,0.65 ,0.35 ,4.27 ,5.88 ,2.54 ,Everton FC,1.45,1.44 ,0.38 ,0.38 ,0.31 ,0.46 ,0.54 ,4.62 ,6.23 ,2.12 ,3,0,1
349,Manchester City FC,2.16 ,0.94 ,0.62 ,0.08 ,0.31 ,0.62 ,0.38 ,7.69 ,3.50 ,1.69 ,Sheffield United FC,0.82,1.85 ,0.54 ,0.42 ,0.04 ,0.65 ,0.35 ,3.42 ,7.31 ,2.96 ,2,0,1
350,Crystal Palace FC,1.14 ,1.40 ,0.62 ,0.23 ,0.23 ,0.58 ,0.42 ,4.77 ,4.85 ,1.92 ,Brentford FC,1.39,1.67 ,0.65 ,0.19 ,0.15 ,0.69 ,0.31 ,4.69 ,5.85 ,2.19 ,3,1,1
351,Aston Villa FC,1.65 ,1.26 ,0.69 ,0.12 ,0.23 ,0.73 ,0.27 ,6.23 ,4.15 ,2.65 ,Burnley FC,0.91,1.66 ,0.54 ,0.38 ,0.08 ,0.62 ,0.38 ,4.88 ,6.42 ,0.02 ,3,2,1
352,Luton Town FC,1.13 ,1.77 ,0.76 ,0.16 ,0.08 ,0.72 ,0.28 ,5.60 ,5.72 ,1.92 ,Chelsea FC,1.5,1.47 ,0.64 ,0.20 ,0.20 ,0.60 ,0.40 ,5.04 ,5.16 ,3.28 ,2,3,2
353,Tottenham Hotspur FC,1.80 ,1.44 ,0.80 ,0.00 ,0.20 ,0.80 ,0.20 ,5.96 ,6.60 ,2.40 ,AFC Bournemouth,1.43,1.55 ,0.60 ,0.24 ,0.20 ,0.68 ,0.32 ,6.00 ,5.72 ,1.96 ,3,1,1
354,Fulham FC,1.38 ,1.56 ,0.46 ,0.38 ,0.23 ,0.62 ,0.38 ,5.85 ,4.88 ,2.46 ,Arsenal FC,1.87,0.90 ,0.50 ,0.12 ,0.38 ,0.65 ,0.35 ,7.58 ,2.69 ,1.58 ,2,1,1
355,Liverpool FC,2.15 ,1.22 ,0.69 ,0.04 ,0.31 ,0.69 ,0.31 ,6.85 ,4.31 ,2.00 ,Newcastle United FC,1.5,1.54 ,0.58 ,0.15 ,0.27 ,0.73 ,0.27 ,4.69 ,5.04 ,2.19 ,4,2,1
356,West Ham United FC,1.13 ,1.79 ,0.62 ,0.23 ,0.19 ,0.65 ,0.35 ,4.08 ,6.04 ,2.38 ,Brighton & Hove Albion FC,1.72,1.28 ,0.81 ,0.15 ,0.12 ,0.65 ,0.35 ,5.50 ,4.15 ,2.46 ,0,0,3
357,Burnley FC,0.91 ,1.66 ,0.54 ,0.38 ,0.08 ,0.62 ,0.38 ,4.88 ,6.42 ,0.02 ,Luton Town FC,1.13,1.77 ,0.76 ,0.16 ,0.08 ,0.72 ,0.28 ,5.60 ,5.72 ,1.92 ,1,1,3
358,Newcastle United FC,1.50 ,1.54 ,0.58 ,0.15 ,0.27 ,0.73 ,0.27 ,4.69 ,5.04 ,2.19 ,Manchester City FC,2.16,0.94 ,0.62 ,0.08 ,0.31 ,0.62 ,0.38 ,7.69 ,3.50 ,1.69 ,2,3,2
359,Chelsea FC,1.50 ,1.47 ,0.64 ,0.20 ,0.20 ,0.60 ,0.40 ,5.04 ,5.16 ,3.28 ,Fulham FC,1.38,1.56 ,0.46 ,0.38 ,0.23 ,0.62 ,0.38 ,5.85 ,4.88 ,2.46 ,1,0,1
360,Manchester United FC,1.53 ,1.61 ,0.50 ,0.27 ,0.27 ,0.65 ,0.35 ,6.46 ,6.69 ,2.46 ,Tottenham Hotspur FC,1.8,1.44 ,0.80 ,0.00 ,0.20 ,0.80 ,0.20 ,5.96 ,6.60 ,2.40 ,2,2,3
361,Everton FC,1.45 ,1.44 ,0.38 ,0.38 ,0.31 ,0.46 ,0.54 ,4.62 ,6.23 ,2.12 ,Aston Villa FC,1.65,1.26 ,0.69 ,0.12 ,0.23 ,0.73 ,0.27 ,6.23 ,4.15 ,2.65 ,0,0,3
362,Brentford FC,1.39 ,1.67 ,0.65 ,0.19 ,0.15 ,0.69 ,0.31 ,4.69 ,5.85 ,2.19 ,Nottingham Forest FC,0.96,1.52 ,0.65 ,0.23 ,0.15 ,0.58 ,0.42 ,3.73 ,6.46 ,2.31 ,3,2,1
363,Arsenal FC,1.87 ,0.90 ,0.50 ,0.12 ,0.38 ,0.65 ,0.35 ,7.58 ,2.69 ,1.58 ,Crystal Palace FC,1.14,1.40 ,0.62 ,0.23 ,0.23 ,0.58 ,0.42 ,4.77 ,4.85 ,1.92 ,5,0,1
364,AFC Bournemouth,1.43 ,1.55 ,0.60 ,0.24 ,0.20 ,0.68 ,0.32 ,6.00 ,5.72 ,1.96 ,Liverpool FC,2.15,1.22 ,0.69 ,0.04 ,0.31 ,0.69 ,0.31 ,6.85 ,4.31 ,2.00 ,0,4,2
365,Sheffield United FC,0.82 ,1.85 ,0.54 ,0.42 ,0.04 ,0.65 ,0.35 ,3.42 ,7.31 ,2.96 ,West Ham United FC,1.13,1.79 ,0.62 ,0.23 ,0.19 ,0.65 ,0.35 ,4.08 ,6.04 ,2.38 ,2,2,3
366,Brighton & Hove Albion FC,1.72 ,1.28 ,0.81 ,0.15 ,0.12 ,0.65 ,0.35 ,5.50 ,4.15 ,2.46 ,Wolverhampton Wanderers FC,1.18,1.52 ,0.69 ,0.15 ,0.19 ,0.65 ,0.35 ,4.27 ,5.88 ,2.54 ,0,0,3
367,Aston Villa FC,1.65 ,1.26 ,0.69 ,0.12 ,0.23 ,0.73 ,0.27 ,6.23 ,4.15 ,2.65 ,Newcastle United FC,1.5,1.54 ,0.58 ,0.15 ,0.27 ,0.73 ,0.27 ,4.69 ,5.04 ,2.19 ,1,3,2
368,Crystal Palace FC,1.14 ,1.40 ,0.62 ,0.23 ,0.23 ,0.58 ,0.42 ,4.77 ,4.85 ,1.92 ,Sheffield United FC,0.82,1.85 ,0.54 ,0.42 ,0.04 ,0.65 ,0.35 ,3.42 ,7.31 ,2.96 ,3,2,1
369,Luton Town FC,1.13 ,1.77 ,0.76 ,0.16 ,0.08 ,0.72 ,0.28 ,5.60 ,5.72 ,1.92 ,Brighton & Hove Albion FC,1.72,1.28 ,0.81 ,0.15 ,0.12 ,0.65 ,0.35 ,5.50 ,4.15 ,2.46 ,4,0,1
370,Fulham FC,1.38 ,1.56 ,0.46 ,0.38 ,0.23 ,0.62 ,0.38 ,5.85 ,4.88 ,2.46 ,Everton FC,1.45,1.44 ,0.38 ,0.38 ,0.31 ,0.46 ,0.54 ,4.62 ,6.23 ,2.12 ,0,0,3
371,Nottingham Forest FC,0.96 ,1.52 ,0.65 ,0.23 ,0.15 ,0.58 ,0.42 ,3.73 ,6.46 ,2.31 ,Arsenal FC,1.87,0.90 ,0.50 ,0.12 ,0.38 ,0.65 ,0.35 ,7.58 ,2.69 ,1.58 ,1,2,2
372,Liverpool FC,2.15 ,1.22 ,0.69 ,0.04 ,0.31 ,0.69 ,0.31 ,6.85 ,4.31 ,2.00 ,Chelsea FC,1.5,1.47 ,0.64 ,0.20 ,0.20 ,0.60 ,0.40 ,5.04 ,5.16 ,3.28 ,4,1,1
373,Tottenham Hotspur FC,1.80 ,1.44 ,0.80 ,0.00 ,0.20 ,0.80 ,0.20 ,5.96 ,6.60 ,2.40 ,Brentford FC,1.39,1.67 ,0.65 ,0.19 ,0.15 ,0.69 ,0.31 ,4.69 ,5.85 ,2.19 ,3,2,1
374,Manchester City FC,2.16 ,0.94 ,0.62 ,0.08 ,0.31 ,0.62 ,0.38 ,7.69 ,3.50 ,1.69 ,Burnley FC,0.91,1.66 ,0.54 ,0.38 ,0.08 ,0.62 ,0.38 ,4.88 ,6.42 ,0.02 ,3,1,1
375,Wolverhampton Wanderers FC,1.18 ,1.52 ,0.69 ,0.15 ,0.19 ,0.65 ,0.35 ,4.27 ,5.88 ,2.54 ,Manchester United FC,1.53,1.61 ,0.50 ,0.27 ,0.27 ,0.65 ,0.35 ,6.46 ,6.69 ,2.46 ,3,4,2
376,West Ham United FC,1.13 ,1.79 ,0.62 ,0.23 ,0.19 ,0.65 ,0.35 ,4.08 ,6.04 ,2.38 ,AFC Bournemouth,1.43,1.55 ,0.60 ,0.24 ,0.20 ,0.68 ,0.32 ,6.00 ,5.72 ,1.96 ,1,1,3
377,Sheffield United FC,0.82 ,1.85 ,0.54 ,0.42 ,0.04 ,0.65 ,0.35 ,3.42 ,7.31 ,2.96 ,Aston Villa FC,1.65,1.26 ,0.69 ,0.12 ,0.23 ,0.73 ,0.27 ,6.23 ,4.15 ,2.65 ,0,5,2
378,Newcastle United FC,1.50 ,1.54 ,0.58 ,0.15 ,0.27 ,0.73 ,0.27 ,4.69 ,5.04 ,2.19 ,Luton Town FC,1.13,1.77 ,0.76 ,0.16 ,0.08 ,0.72 ,0.28 ,5.60 ,5.72 ,1.92 ,4,4,3
379,Burnley FC,0.91 ,1.66 ,0.54 ,0.38 ,0.08 ,0.62 ,0.38 ,4.88 ,6.42 ,0.02 ,Fulham FC,1.38,1.56 ,0.46 ,0.38 ,0.23 ,0.62 ,0.38 ,5.85 ,4.88 ,2.46 ,2,2,3
380,Brighton & Hove Albion FC,1.72 ,1.28 ,0.81 ,0.15 ,0.12 ,0.65 ,0.35 ,5.50 ,4.15 ,2.46 ,Crystal Palace FC,1.14,1.40 ,0.62 ,0.23 ,0.23 ,0.58 ,0.42 ,4.77 ,4.85 ,1.92 ,4,1,1
381,Everton FC,1.45 ,1.44 ,0.38 ,0.38 ,0.31 ,0.46 ,0.54 ,4.62 ,6.23 ,2.12 ,Tottenham Hotspur FC,1.8,1.44 ,0.80 ,0.00 ,0.20 ,0.80 ,0.20 ,5.96 ,6.60 ,2.40 ,2,2,3
382,Arsenal FC,1.87 ,0.90 ,0.50 ,0.12 ,0.38 ,0.65 ,0.35 ,7.58 ,2.69 ,1.58 ,Liverpool FC,2.15,1.22 ,0.69 ,0.04 ,0.31 ,0.69 ,0.31 ,6.85 ,4.31 ,2.00 ,3,1,1
383,Manchester United FC,1.53 ,1.61 ,0.50 ,0.27 ,0.27 ,0.65 ,0.35 ,6.46 ,6.69 ,2.46 ,West Ham United FC,1.13,1.79 ,0.62 ,0.23 ,0.19 ,0.65 ,0.35 ,4.08 ,6.04 ,2.38 ,3,0,1
384,Chelsea FC,1.50 ,1.47 ,0.64 ,0.20 ,0.20 ,0.60 ,0.40 ,5.04 ,5.16 ,3.28 ,Wolverhampton Wanderers FC,1.18,1.52 ,0.69 ,0.15 ,0.19 ,0.65 ,0.35 ,4.27 ,5.88 ,2.54 ,2,4,2
385,AFC Bournemouth,1.43 ,1.55 ,0.60 ,0.24 ,0.20 ,0.68 ,0.32 ,6.00 ,5.72 ,1.96 ,Nottingham Forest FC,0.96,1.52 ,0.65 ,0.23 ,0.15 ,0.58 ,0.42 ,3.73 ,6.46 ,2.31 ,1,1,3
386,Brentford FC,1.39 ,1.67 ,0.65 ,0.19 ,0.15 ,0.69 ,0.31 ,4.69 ,5.85 ,2.19 ,Manchester City FC,2.16,0.94 ,0.62 ,0.08 ,0.31 ,0.62 ,0.38 ,7.69 ,3.50 ,1.69 ,1,3,2
387,Nottingham Forest FC,0.96 ,1.52 ,0.65 ,0.23 ,0.15 ,0.58 ,0.42 ,3.73 ,6.46 ,2.31 ,Newcastle United FC,1.5,1.54 ,0.58 ,0.15 ,0.27 ,0.73 ,0.27 ,4.69 ,5.04 ,2.19 ,2,3,2
388,Wolverhampton Wanderers FC,1.18 ,1.52 ,0.69 ,0.15 ,0.19 ,0.65 ,0.35 ,4.27 ,5.88 ,2.54 ,Brentford FC,1.39,1.67 ,0.65 ,0.19 ,0.15 ,0.69 ,0.31 ,4.69 ,5.85 ,2.19 ,0,2,2
389,Tottenham Hotspur FC,1.80 ,1.44 ,0.80 ,0.00 ,0.20 ,0.80 ,0.20 ,5.96 ,6.60 ,2.40 ,Brighton & Hove Albion FC,1.72,1.28 ,0.81 ,0.15 ,0.12 ,0.65 ,0.35 ,5.50 ,4.15 ,2.46 ,2,1,1
390,Luton Town FC,1.13 ,1.77 ,0.76 ,0.16 ,0.08 ,0.72 ,0.28 ,5.60 ,5.72 ,1.92 ,Sheffield United FC,0.82,1.85 ,0.54 ,0.42 ,0.04 ,0.65 ,0.35 ,3.42 ,7.31 ,2.96 ,1,3,2
391,Liverpool FC,2.15 ,1.22 ,0.69 ,0.04 ,0.31 ,0.69 ,0.31 ,6.85 ,4.31 ,2.00 ,Burnley FC,0.91,1.66 ,0.54 ,0.38 ,0.08 ,0.62 ,0.38 ,4.88 ,6.42 ,0.02 ,3,1,1
392,Fulham FC,1.38 ,1.56 ,0.46 ,0.38 ,0.23 ,0.62 ,0.38 ,5.85 ,4.88 ,2.46 ,AFC Bournemouth,1.43,1.55 ,0.60 ,0.24 ,0.20 ,0.68 ,0.32 ,6.00 ,5.72 ,1.96 ,3,1,1
393,Manchester City FC,2.16 ,0.94 ,0.62 ,0.08 ,0.31 ,0.62 ,0.38 ,7.69 ,3.50 ,1.69 ,Everton FC,1.45,1.44 ,0.38 ,0.38 ,0.31 ,0.46 ,0.54 ,4.62 ,6.23 ,2.12 ,2,0,1
394,Aston Villa FC,1.65 ,1.26 ,0.69 ,0.12 ,0.23 ,0.73 ,0.27 ,6.23 ,4.15 ,2.65 ,Manchester United FC,1.53,1.61 ,0.50 ,0.27 ,0.27 ,0.65 ,0.35 ,6.46 ,6.69 ,2.46 ,1,2,2
395,West Ham United FC,1.13 ,1.79 ,0.62 ,0.23 ,0.19 ,0.65 ,0.35 ,4.08 ,6.04 ,2.38 ,Arsenal FC,1.87,0.90 ,0.50 ,0.12 ,0.38 ,0.65 ,0.35 ,7.58 ,2.69 ,1.58 ,0,6,2
396,Crystal Palace FC,1.14 ,1.40 ,0.62 ,0.23 ,0.23 ,0.58 ,0.42 ,4.77 ,4.85 ,1.92 ,Chelsea FC,1.5,1.47 ,0.64 ,0.20 ,0.20 ,0.60 ,0.40 ,5.04 ,5.16 ,3.28 ,1,3,2
397,Manchester City FC,2.16 ,0.94 ,0.62 ,0.08 ,0.31 ,0.62 ,0.38 ,7.69 ,3.50 ,1.69 ,Chelsea FC,1.5,1.47 ,0.64 ,0.20 ,0.20 ,0.60 ,0.40 ,5.04 ,5.16 ,3.28 ,1,1,3
398,Tottenham Hotspur FC,1.80 ,1.44 ,0.80 ,0.00 ,0.20 ,0.80 ,0.20 ,5.96 ,6.60 ,2.40 ,Wolverhampton Wanderers FC,1.18,1.52 ,0.69 ,0.15 ,0.19 ,0.65 ,0.35 ,4.27 ,5.88 ,2.54 ,1,2,2
399,Nottingham Forest FC,0.96 ,1.52 ,0.65 ,0.23 ,0.15 ,0.58 ,0.42 ,3.73 ,6.46 ,2.31 ,West Ham United FC,1.13,1.79 ,0.62 ,0.23 ,0.19 ,0.65 ,0.35 ,4.08 ,6.04 ,2.38 ,2,0,1
400,Newcastle United FC,1.50 ,1.54 ,0.58 ,0.15 ,0.27 ,0.73 ,0.27 ,4.69 ,5.04 ,2.19 ,AFC Bournemouth,1.43,1.55 ,0.60 ,0.24 ,0.20 ,0.68 ,0.32 ,6.00 ,5.72 ,1.96 ,2,2,3
401,Fulham FC,1.38 ,1.56 ,0.46 ,0.38 ,0.23 ,0.62 ,0.38 ,5.85 ,4.88 ,2.46 ,Aston Villa FC,1.65,1.26 ,0.69 ,0.12 ,0.23 ,0.73 ,0.27 ,6.23 ,4.15 ,2.65 ,1,2,2
402,Burnley FC,0.91 ,1.66 ,0.54 ,0.38 ,0.08 ,0.62 ,0.38 ,4.88 ,6.42 ,0.02 ,Arsenal FC,1.87,0.90 ,0.50 ,0.12 ,0.38 ,0.65 ,0.35 ,7.58 ,2.69 ,1.58 ,0,5,2
403,Brentford FC,1.39 ,1.67 ,0.65 ,0.19 ,0.15 ,0.69 ,0.31 ,4.69 ,5.85 ,2.19 ,Liverpool FC,2.15,1.22 ,0.69 ,0.04 ,0.31 ,0.69 ,0.31 ,6.85 ,4.31 ,2.00 ,1,4,2
404,Luton Town FC,1.13 ,1.77 ,0.76 ,0.16 ,0.08 ,0.72 ,0.28 ,5.60 ,5.72 ,1.92 ,Manchester United FC,1.53,1.61 ,0.50 ,0.27 ,0.27 ,0.65 ,0.35 ,6.46 ,6.69 ,2.46 ,1,2,2
405,Sheffield United FC,0.82 ,1.85 ,0.54 ,0.42 ,0.04 ,0.65 ,0.35 ,3.42 ,7.31 ,2.96 ,Brighton & Hove Albion FC,1.72,1.28 ,0.81 ,0.15 ,0.12 ,0.65 ,0.35 ,5.50 ,4.15 ,2.46 ,0,5,2
406,Everton FC,1.45 ,1.44 ,0.38 ,0.38 ,0.31 ,0.46 ,0.54 ,4.62 ,6.23 ,2.12 ,Crystal Palace FC,1.14,1.40 ,0.62 ,0.23 ,0.23 ,0.58 ,0.42 ,4.77 ,4.85 ,1.92 ,1,1,3
407,Manchester City FC,2.16 ,0.94 ,0.62 ,0.08 ,0.31 ,0.62 ,0.38 ,7.69 ,3.50 ,1.69 ,Brentford FC,1.39,1.67 ,0.65 ,0.19 ,0.15 ,0.69 ,0.31 ,4.69 ,5.85 ,2.19 ,1,0,1
408,Liverpool FC,2.15 ,1.22 ,0.69 ,0.04 ,0.31 ,0.69 ,0.31 ,6.85 ,4.31 ,2.00 ,Luton Town FC,1.13,1.77 ,0.76 ,0.16 ,0.08 ,0.72 ,0.28 ,5.60 ,5.72 ,1.92 ,4,1,1
409,Arsenal FC,1.87 ,0.90 ,0.50 ,0.12 ,0.38 ,0.65 ,0.35 ,7.58 ,2.69 ,1.58 ,Newcastle United FC,1.5,1.54 ,0.58 ,0.15 ,0.27 ,0.73 ,0.27 ,4.69 ,5.04 ,2.19 ,4,1,1
410,AFC Bournemouth,1.43 ,1.55 ,0.60 ,0.24 ,0.20 ,0.68 ,0.32 ,6.00 ,5.72 ,1.96 ,Manchester City FC,2.16,0.94 ,0.62 ,0.08 ,0.31 ,0.62 ,0.38 ,7.69 ,3.50 ,1.69 ,0,1,2
411,Manchester United FC,1.53 ,1.61 ,0.50 ,0.27 ,0.27 ,0.65 ,0.35 ,6.46 ,6.69 ,2.46 ,Fulham FC,1.38,1.56 ,0.46 ,0.38 ,0.23 ,0.62 ,0.38 ,5.85 ,4.88 ,2.46 ,1,2,2
412,Crystal Palace FC,1.14 ,1.40 ,0.62 ,0.23 ,0.23 ,0.58 ,0.42 ,4.77 ,4.85 ,1.92 ,Burnley FC,0.91,1.66 ,0.54 ,0.38 ,0.08 ,0.62 ,0.38 ,4.88 ,6.42 ,0.02 ,3,0,1
413,Brighton & Hove Albion FC,1.72 ,1.28 ,0.81 ,0.15 ,0.12 ,0.65 ,0.35 ,5.50 ,4.15 ,2.46 ,Everton FC,1.45,1.44 ,0.38 ,0.38 ,0.31 ,0.46 ,0.54 ,4.62 ,6.23 ,2.12 ,1,1,3
414,Aston Villa FC,1.65 ,1.26 ,0.69 ,0.12 ,0.23 ,0.73 ,0.27 ,6.23 ,4.15 ,2.65 ,Nottingham Forest FC,0.96,1.52 ,0.65 ,0.23 ,0.15 ,0.58 ,0.42 ,3.73 ,6.46 ,2.31 ,4,2,1
415,Wolverhampton Wanderers FC,1.18 ,1.52 ,0.69 ,0.15 ,0.19 ,0.65 ,0.35 ,4.27 ,5.88 ,2.54 ,Sheffield United FC,0.82,1.85 ,0.54 ,0.42 ,0.04 ,0.65 ,0.35 ,3.42 ,7.31 ,2.96 ,1,0,1
416,West Ham United FC,1.13 ,1.79 ,0.62 ,0.23 ,0.19 ,0.65 ,0.35 ,4.08 ,6.04 ,2.38 ,Brentford FC,1.39,1.67 ,0.65 ,0.19 ,0.15 ,0.69 ,0.31 ,4.69 ,5.85 ,2.19 ,4,2,1
417,Luton Town FC,1.13 ,1.77 ,0.76 ,0.16 ,0.08 ,0.72 ,0.28 ,5.60 ,5.72 ,1.92 ,Aston Villa FC,1.65,1.26 ,0.69 ,0.12 ,0.23 ,0.73 ,0.27 ,6.23 ,4.15 ,2.65 ,2,3,2
418,Tottenham Hotspur FC,1.80 ,1.44 ,0.80 ,0.00 ,0.20 ,0.80 ,0.20 ,5.96 ,6.60 ,2.40 ,Crystal Palace FC,1.14,1.40 ,0.62 ,0.23 ,0.23 ,0.58 ,0.42 ,4.77 ,4.85 ,1.92 ,3,1,1
419,Nottingham Forest FC,0.96 ,1.52 ,0.65 ,0.23 ,0.15 ,0.58 ,0.42 ,3.73 ,6.46 ,2.31 ,Liverpool FC,2.15,1.22 ,0.69 ,0.04 ,0.31 ,0.69 ,0.31 ,6.85 ,4.31 ,2.00 ,0,1,2
420,Fulham FC,1.38 ,1.56 ,0.46 ,0.38 ,0.23 ,0.62 ,0.38 ,5.85 ,4.88 ,2.46 ,Brighton & Hove Albion FC,1.72,1.28 ,0.81 ,0.15 ,0.12 ,0.65 ,0.35 ,5.50 ,4.15 ,2.46 ,3,0,1
421,Everton FC,1.45 ,1.44 ,0.38 ,0.38 ,0.31 ,0.46 ,0.54 ,4.62 ,6.23 ,2.12 ,West Ham United FC,1.13,1.79 ,0.62 ,0.23 ,0.19 ,0.65 ,0.35 ,4.08 ,6.04 ,2.38 ,1,3,2
422,Brentford FC,1.39 ,1.67 ,0.65 ,0.19 ,0.15 ,0.69 ,0.31 ,4.69 ,5.85 ,2.19 ,Chelsea FC,1.5,1.47 ,0.64 ,0.20 ,0.20 ,0.60 ,0.40 ,5.04 ,5.16 ,3.28 ,2,2,3
423,Burnley FC,0.91 ,1.66 ,0.54 ,0.38 ,0.08 ,0.62 ,0.38 ,4.88 ,6.42 ,0.02 ,AFC Bournemouth,1.43,1.55 ,0.60 ,0.24 ,0.20 ,0.68 ,0.32 ,6.00 ,5.72 ,1.96 ,0,2,2
423,Burnley FC,0.91 ,1.66 ,0.54 ,0.38 ,0.08 ,0.62 ,0.38 ,4.88 ,6.42 ,0.02 ,AFC Bournemouth,1.43,1.55 ,0.60 ,0.24 ,0.20 ,0.68 ,0.32 ,6.00 ,5.72 ,1.96 ,0,2,2
